日期,開盤,最高,最低,收盤,漲跌,RSV,%K,%D,state,days,y,DI,EMA12,EMA26,DIF,MACD,mstate,mdays
2019/3/29,78.7,79.15,78.25,79.15,0.65,0.84,73.14362645,77.73857147,0,5,0.7,78.925,78.28493837,77.58851556,0.696422817,0.665878041,1,11
2019/3/28,78.3,78.6,78.15,78.5,0,0.514285714,67.71543968,80.03604398,0,4,0.65,78.4375,78.16856353,77.4815968,0.686966732,0.658241847,1,10
2019/3/27,78.45,78.7,78.2,78.5,-0.15,0.630434783,75.85887381,86.19634613,0,3,0,78.475,78.11966599,77.40512455,0.714541448,0.651060626,1,9
2019/3/26,78.5,78.7,78.4,78.65,0.5,0.695652174,82.26657158,91.36508229,0,2,-0.15,78.6,78.05505981,77.31953451,0.735525302,0.635190421,1,8
2019/3/25,78.1,78.35,78,78.15,-1.2,0.47826087,88.61724867,95.91433764,0,1,0.5,78.1625,77.95597978,77.21709727,0.738882507,0.610106701,1,7
2019/3/22,79.5,79.7,79.05,79.35,0.2,1.066666667,109.0128295,99.56288212,1,8,-1.2,79.3625,77.91843065,77.14146505,0.776965594,0.577912749,1,6
2019/3/21,78.8,79.15,78.65,79.15,0.65,1.26,110.185911,94.83790841,1,7,0.2,79.025,77.65587258,76.96378226,0.692090325,0.528149538,1,5
2019/3/20,78.35,78.55,78.2,78.5,0.1,1.041666667,102.2788664,87.16390714,1,6,0.65,78.4375,77.40694032,76.79888484,0.608055486,0.487164341,1,4
2019/3/19,78.1,78.4,77.85,78.4,0.3,1.142857143,101.3349663,79.60642749,1,5,0.1,78.2625,77.21956584,76.66779562,0.551770213,0.456941555,1,3
2019/3/18,77.75,78.1,77.65,78.1,0.5,1.3125,94.85959236,68.74215806,1,4,0.3,77.9875,77.02994144,76.54021927,0.489722169,0.433234391,1,2
2019/3/15,77.35,77.7,77.15,77.6,0.55,1.28,76.66438855,55.68344091,1,3,0.5,77.5125,76.85583989,76.42443682,0.431403072,0.419112446,1,1
2019/3/14,77.3,77.4,76.95,77.05,-0.05,0.636363636,50.99658282,45.19296709,1,2,0.55,77.1125,76.73644714,76.33739176,0.399055379,0.41603979,0,5
2019/3/13,77.05,77.2,76.8,77.1,-0.15,0.647058824,44.67669241,42.29115923,1,1,-0.05,77.05,76.66807389,76.2753831,0.39269079,0.420285892,0,4
2019/3/12,76.85,77.45,76.8,77.25,1.1,0.735294118,34.66209744,41.09839263,0,7,-0.15,77.1875,76.59863278,76.21341375,0.385219032,0.427184668,0,3
2019/3/11,75.85,76.15,75.7,76.15,0.15,0.088235294,15.22844027,44.31654023,0,6,1.1,76.0375,76.49156601,76.13548685,0.356079165,0.437676077,0,2
2019/3/8,76.2,76.35,75.8,76,-0.65,-0.619047619,18.4308957,58.86059021,0,5,0.15,76.0375,76.57412347,76.1433258,0.430797674,0.458075305,0,1
2019/3/7,76.9,77.05,76.6,76.65,-0.3,0.222222222,58.59872451,79.07543747,0,4,-0.65,76.7375,76.67169137,76.15179186,0.519899514,0.464894712,1,21
2019/3/6,76.85,77.05,76.75,76.95,0.2,0.659090909,76.78697565,89.31379395,0,3,-0.3,76.925,76.65972617,76.10493521,0.55479096,0.451143512,1,20
2019/3/5,76.6,76.9,76.45,76.75,-0.2,0.568181818,82.22591802,95.57720309,0,2,0.2,76.7125,76.61149456,76.03933003,0.572164538,0.42523165,1,19
2019/3/4,77.55,77.55,76.7,76.95,-0.7,0.716981132,94.92978612,102.2528456,0,1,-0.2,77.0375,76.59312994,75.98547643,0.607653512,0.388498428,1,18
2019/2/27,77.7,77.7,77.35,77.65,-0.05,0.981132075,106.5456226,105.9143754,1,13,-0.7,77.5875,76.51233538,75.90131454,0.611020841,0.333709657,1,17
2019/2/26,77.65,77.8,77.3,77.7,0.2,1.081632653,110.7618301,105.5987518,1,12,-0.05,77.625,76.31685091,75.76641971,0.550431202,0.264381861,1,16
2019/2/25,77.35,77.75,77.3,77.5,0.55,1.195121951,112.0611125,103.0172126,1,11,0.2,77.5125,76.07900562,75.61773328,0.461272336,0.192869526,1,15
2019/2/22,76.95,76.95,76.5,76.95,-0.15,0.926829268,108.3355712,98.49526273,1,10,0.55,76.8375,75.81837028,75.46615195,0.352218331,0.125768823,1,14
2019/2/21,76.4,77.1,76.4,77.1,0.75,1.375,116.1618933,93.57510851,1,9,-0.15,76.925,75.63307396,75.3564441,0.276629863,0.069156446,1,13
2019/2/20,75.9,76.5,75.9,76.35,0.85,1.538461538,105.49284,82.2817161,1,8,0.75,76.275,75.39817832,75.23095963,0.167218692,0.017288092,1,12
2019/2/19,75.7,75.7,75.5,75.5,-0.15,0.884615385,81.31618306,70.67615415,1,7,0.85,75.55,75.2387562,75.1474364,0.091319798,-0.020194558,1,11
2019/2/18,75.5,75.9,75.5,75.65,0.6,1,77.74350536,65.3561397,1,6,-0.15,75.675,75.18216642,75.11523131,0.066935104,-0.048073147,1,10
2019/2/15,75.3,75.6,74.9,75.05,-0.2,0.625,66.61525804,59.16245687,1,5,0.6,75.15,75.09256031,75.07044982,0.022110492,-0.07682521,1,9
2019/2/14,75.5,75.75,75.25,75.25,-0.25,0.794871795,68.67288706,55.43605629,1,4,-0.2,75.375,75.08211673,75.0640858,0.018030927,-0.101559136,1,8
2019/2/13,75.95,75.95,75.4,75.5,-0.15,0.923076923,63.26574084,48.81764091,1,3,-0.25,75.5875,75.02886523,75.03921267,-0.010347441,-0.131456651,1,7
2019/2/12,75.35,75.75,75.35,75.65,0.5,0.696428571,48.74476511,41.59359095,1,2,-0.15,75.6,74.92729527,74.99534968,-0.068054414,-0.161733954,1,6
2019/2/11,75.35,75.65,74.85,75.15,0.8,0.517857143,38.29571909,38.01800386,1,1,0.5,75.2,74.80498531,74.94697765,-0.14199234,-0.185153839,1,5
2019/1/30,74.5,74.65,74.2,74.35,-0.15,0.232142857,31.55072149,37.87914625,0,7,0.8,74.3875,74.73316446,74.92673587,-0.193571404,-0.195944213,1,4
2019/1/29,74.5,74.55,74.2,74.5,-0.65,0.285714286,35.71893938,41.04335863,0,6,-0.15,74.4375,74.79601255,74.96987474,-0.173862189,-0.196537416,1,3
2019/1/28,75.15,75.45,75.05,75.15,0.15,0.517857143,39.29269479,43.70556825,0,5,-0.65,75.2,74.86119665,75.01246471,-0.151268069,-0.202206222,1,2
2019/1/25,74.6,75.1,74.55,75,0.95,0.464285714,33.04618504,45.91200498,0,4,0.15,74.9125,74.79959604,74.99746189,-0.197865856,-0.214940761,1,1
2019/1/24,73.95,74.15,73.75,74.05,0.35,0.125,26.35499185,52.34491495,0,3,0.95,74,74.77906804,75.00425884,-0.2251908,-0.219209487,0,1
2019/1/23,74,74,73.65,73.7,-0.35,-0.142857143,33.28248778,65.3398765,0,2,0.35,73.7625,74.92071678,75.08459955,-0.163882773,-0.217714158,1,11
2019/1/22,74.4,74.4,73.8,74.05,-2.45,-0.441176471,57.06658881,81.36857087,0,1,-0.35,74.075,75.13130165,75.19036751,-0.059065868,-0.231172005,1,10
2019/1/21,76.35,76.7,76.25,76.5,0.55,1.239130435,107.6587067,93.5195619,1,11,-2.45,76.4875,75.32335649,75.27959692,0.043759575,-0.274198539,1,9
2019/1/18,75.75,76.1,75.4,75.95,0.4,1.15,99.53153837,86.44998947,1,10,0.55,75.85,75.11169403,75.18296467,-0.071270634,-0.353688067,1,8
2019/1/17,75.6,75.9,75.15,75.55,0,0.971014493,91.79730756,79.90921502,1,9,0.4,75.5375,74.97745659,75.12960184,-0.152145256,-0.424292426,1,7
2019/1/16,75.65,75.7,75.35,75.55,-0.1,0.971014493,89.1452367,73.96516876,1,8,0,75.5375,74.87563051,75.09696999,-0.221339479,-0.492329218,1,6
2019/1/15,75.05,75.8,75.05,75.65,0.65,1.045454545,85.16713041,66.37513478,1,7,-0.1,75.5375,74.7552906,75.06172759,-0.306436985,-0.560076653,1,5
2019/1/14,75.45,75.45,74.75,75,-0.5,0.848484848,75.47796835,56.97913697,1,6,0.65,75.05,74.61307071,75.0236658,-0.410595082,-0.62348657,1,4
2019/1/11,75.3,75.75,75.15,75.5,0.7,1,70.7927101,47.72972128,1,5,-0.5,75.475,74.53362903,75.02155906,-0.487930034,-0.676709442,1,3
2019/1/10,74.8,74.9,74.5,74.8,-0.2,0.787878788,56.18906514,36.19822687,1,4,0.7,74.75,74.36247067,74.98528378,-0.622813118,-0.723904294,1,2
2019/1/9,73.95,75.15,73.95,75,1.35,0.848484848,44.88965832,26.20280774,1,3,-0.2,74.775,74.29201079,75.00410649,-0.712095699,-0.749177089,1,1
2019/1/8,74.15,74.15,73.55,73.65,-0.3,0.439393939,24.91024506,16.85938244,1,2,1.35,73.75,74.20419457,75.02243501,-0.818240439,-0.758447436,0,4
2019/1/7,73.55,74.05,73.25,73.95,1.75,0.53030303,15.39567061,12.83395114,1,1,-0.3,73.8,74.2867754,75.12422981,-0.837454409,-0.743499185,0,3
2019/1/4,72.8,72.8,72,72.2,-1.15,-0.534883721,-3.421645593,11.5530914,0,1,1.75,72.3,74.37528002,75.23016819,-0.854888176,-0.720010379,0,2
2019/1/3,73.8,74,73.25,73.35,-0.7,-0.085106383,21.61171766,19.04045989,1,3,-1.15,73.4875,74.75260365,75.46458165,-0.711977992,-0.68629093,0,1
2018/12/28,75.1,75.5,74.85,75.5,0.45,0.829787234,36.67289564,17.75483101,1,2,-0.7,75.3375,74.9826225,75.62274818,-0.640125677,-0.679869164,1,1
2018/12/27,74.8,75.15,74.5,75.05,1.5,0.625,13.51998175,8.295798693,1,1,0.45,74.9375,74.91809932,75.64556803,-0.727468713,-0.689805036,0,5
2018/12/26,74,74.3,73.5,73.55,-0.2,-0.090909091,-10.97002737,5.683707163,0,4,1.5,73.725,74.91457192,75.70221347,-0.787641552,-0.680389117,0,4
2018/12/25,74.15,74.15,73.3,73.75,-0.95,-0.59375,-11.90958652,14.01057443,0,3,-0.2,73.7375,75.13085773,75.86039055,-0.729532826,-0.653576008,0,3
2018/12/24,74.85,75,74.55,74.7,-0.15,-0.103448276,11.82312023,26.97065491,0,2,-0.95,74.7375,75.3841955,76.0302218,-0.646026302,-0.634586803,0,2
2018/12/22,74.85,74.85,74.7,74.85,-0.35,-0.16,22.90709413,34.54442225,0,1,-0.15,74.8125,75.50177649,76.13363954,-0.631863047,-0.631726928,0,1
2018/12/21,74.95,75.25,74.45,75.2,0.15,0.405405405,42.3606412,40.3630863,1,5,-0.35,75.025,75.62709949,76.2393307,-0.612231211,-0.631692899,1,7
2018/12/20,75,75.55,75,75.05,-0.85,0.324324324,43.27069153,39.36430885,1,4,0.15,75.1625,75.73657213,76.33647716,-0.599905032,-0.636558321,1,6
2018/12/19,75.5,75.95,75.35,75.9,0.6,0.783783784,48.68982108,37.41111752,1,3,-0.85,75.775,75.84094888,76.43039533,-0.589446454,-0.645721643,1,5
2018/12/18,75.5,75.55,75.05,75.3,-0.65,0.386363636,33.84554243,31.77176574,1,2,0.6,75.3,75.85293958,76.48282696,-0.629887376,-0.65979044,1,4
2018/12/17,75.35,76.05,75.15,75.95,0.6,0.394736842,31.45013182,30.73487739,1,1,-0.65,75.775,75.95347405,76.57745312,-0.623979063,-0.667266206,1,3
2018/12/14,75.8,75.8,74.95,75.35,-0.95,0.206896552,27.43835563,30.37725017,0,7,0.6,75.3625,75.98592388,76.64164937,-0.655725484,-0.678087992,1,2
2018/12/13,76.2,76.5,75.95,76.3,0.1,0.425287356,30.81270586,31.84669745,0,6,-0.95,76.2625,76.09927368,76.74398132,-0.644707636,-0.683678619,1,1
2018/12/12,75.65,76.25,75.4,76.2,1.15,0.402298851,24.95469097,32.36369324,0,5,0.1,76.0125,76.06959617,76.78249982,-0.712903655,-0.693421365,0,3
2018/12/11,74.5,75.1,74.45,75.05,0.6,0.137931034,17.31709392,36.06819438,0,4,1.15,74.9125,76.07997729,76.84409981,-0.764122519,-0.688550793,0,2
2018/12/10,74.5,74.9,74.45,74.45,-1,-0.175675676,19.07908916,45.44374461,0,3,0.6,74.5625,76.29224589,76.99862779,-0.706381906,-0.669657861,0,1
2018/12/7,75.6,75.75,75.3,75.45,0.35,0.094594595,37.40241752,58.62607234,0,2,-1,75.4875,76.60674514,77.19351801,-0.586772877,-0.66047685,1,10
2018/12/6,75.85,75.85,74.85,75.1,-1.55,-0.072463768,51.37389655,69.23789975,0,1,0.35,75.225,76.81024425,77.32999946,-0.519755203,-0.678902843,1,9
2018/12/5,77.1,77.2,76.65,76.65,-1.6,0.376811594,80.68403323,78.16990134,1,8,-1.55,76.7875,77.09847048,77.49839941,-0.399928931,-0.718689753,1,8
2018/12/4,78.5,78.5,78.1,78.25,-0.55,0.84057971,102.1854701,76.9128354,1,7,-1.6,78.275,77.15501057,77.55527136,-0.400260797,-0.798379958,1,7
2018/12/3,77.85,79,77.8,78.8,2.05,2.029411765,111.2492197,64.27651803,1,6,-0.55,78.6,76.95137613,77.49769307,-0.546316948,-0.897909748,1,6
2018/11/30,77.2,77.35,76.75,76.75,-0.3,0.823529412,65.40324132,40.79016719,1,5,2.05,76.9,76.65162633,77.40950852,-0.75788219,-0.985807948,1,5
2018/11/29,77.7,77.95,77.05,77.05,0.15,1.0625,56.92839139,28.48363013,1,4,-0.3,77.275,76.60646748,77.4502692,-0.84380172,-1.042789387,1,4
2018/11/28,76.15,76.95,75.75,76.9,0.85,0.688888889,32.26758708,14.2612495,1,3,0.15,76.625,76.48491611,77.46429074,-0.979374624,-1.092536304,1,3
2018/11/27,75.95,76.05,75.2,76.05,-0.1,0.311111111,13.95693618,5.258080701,1,2,0.85,75.8375,76.45944632,77.531434,-1.07198768,-1.120826724,1,2
2018/11/26,75.9,76.95,75.75,76.15,0.8,0.355555556,5.379848717,0.908652961,1,1,-0.1,76.25,76.57252747,77.66694872,-1.094421251,-1.133036486,1,1
2018/11/23,75.7,75.85,75.05,75.35,-0.25,-0.104166667,-9.708004703,-1.326944917,0,9,0.8,75.4,76.63116882,77.78030461,-1.149135791,-1.142690294,0,1
2018/11/22,76.1,76.25,75.6,75.6,-0.4,-0.2,-9.353673721,2.863584976,0,8,-0.25,75.7625,76.8550177,77.97072898,-1.115711284,-1.14107892,1,16
2018/11/21,75.3,76.05,74.85,76,0,0,-4.030510581,8.972214325,0,7,-0.4,75.725,77.05365728,78.1473873,-1.09373002,-1.147420829,1,15
2018/11/20,76.4,76.5,75.75,76,-0.7,-0.325581395,-6.045765872,15.47357678,0,6,0,76.0625,77.29523133,78.34117829,-1.045946953,-1.160843531,1,14
2018/11/19,77.05,77.15,76.6,76.7,-0.25,-0.131578947,7.210420959,26.2332481,0,5,-0.7,76.7875,77.5193643,78.52347255,-1.004108247,-1.189567675,1,13
2018/11/16,77.95,77.95,76.85,76.95,-0.65,-0.085714286,17.39457881,35.74466167,0,4,-0.25,77.175,77.65243054,78.66235035,-1.009919814,-1.235932532,1,12
2018/11/15,77.5,77.65,76.75,77.6,0.25,0.285714286,30.3775825,44.91970311,0,3,-0.65,77.4,77.73923609,78.78133838,-1.04210229,-1.292435712,1,11
2018/11/14,77.25,77.4,77,77.35,0.25,0.142857143,31.28065946,52.19076341,0,2,0.25,77.275,77.80091538,78.89184545,-1.090930071,-1.355019068,1,10
2018/11/13,76.15,77.25,75.7,77.1,-0.9,-0.346153846,39.77813205,62.64581539,0,1,0.25,76.7875,77.89653636,79.02119309,-1.124656729,-1.421041317,1,9
2018/11/12,77.75,78.3,77.55,78,0.2,0.706896552,76.97489038,74.07965706,1,10,-0.9,77.9625,78.09817933,79.19988853,-1.101709202,-1.495137464,1,8
2018/11/9,78.5,78.5,77.65,77.8,-1.05,0.661290323,80.11750798,72.6320404,1,9,0.2,77.9375,78.1228483,79.29887962,-1.176031315,-1.593494529,1,7
2018/11/8,79.15,79.4,78.5,78.85,0.45,1.061538462,87.11174584,68.88930661,1,8,-1.05,78.9,78.15654799,79.40778999,-1.251241993,-1.697860333,1,6
2018/11/7,78.2,78.55,78.05,78.4,0.4,0.923076923,77.59069569,59.77808699,1,7,0.45,78.35,78.0213749,79.44841318,-1.427038284,-1.809514918,1,5
2018/11/6,78.45,78.5,77.75,78,-0.25,0.8,70.23219738,50.87178265,1,6,0.4,78.0625,77.96162488,79.53628624,-1.574661357,-1.905134076,1,4
2018/11/5,78.1,78.25,77.6,78.25,-0.4,0.876923077,65.34829607,41.19157528,1,5,-0.25,78.0875,77.94328395,79.65418914,-1.710905187,-1.987752256,1,3
2018/11/2,78.4,78.8,78,78.65,0.25,0.855263158,54.17629025,29.11321489,1,4,-0.4,78.525,77.91706285,79.77952427,-1.862461417,-2.056964023,1,2
2018/11/1,77.85,78.45,77.55,78.4,0.85,0.769230769,38.50127748,16.58167721,1,3,0.25,78.2,77.80652883,79.87988621,-2.073357386,-2.105589675,1,1
2018/10/31,76.6,77.55,76.6,77.55,1.6,0.551282051,19.29037777,5.621877073,1,2,0.85,77.3125,77.73498861,80.01427711,-2.279288496,-2.113647747,0,20
2018/10/30,75.8,76.25,75.5,75.95,0.2,0.1375,1.371464085,-1.212373274,1,1,1.6,75.9125,77.81180472,80.23041928,-2.418614553,-2.072237559,0,19
2018/10/29,75.85,76.1,75.35,75.75,0.35,0.0875,-4.817803873,-2.504291953,0,4,0.2,75.7375,78.15713286,80.57585282,-2.418719964,-1.985643311,0,18
2018/10/26,76.25,76.45,74.5,75.4,-0.1,-0.025641026,-11.60170581,-1.347535993,0,3,0.35,75.4375,78.5970661,80.96292104,-2.365854943,-1.877374148,0,17
2018/10/25,75.5,76.2,75.3,75.5,-1.9,-0.716981132,-16.12050743,3.779548915,0,2,-0.1,75.625,79.17153267,81.40495473,-2.233422063,-1.755253949,0,16
2018/10/24,77.8,77.95,76.7,77.4,-0.35,0,11.66829546,13.72957709,0,1,-1.9,77.3625,79.81635679,81.86735111,-2.05099432,-1.63571192,0,15
2018/10/23,78.1,78.6,77.7,77.75,-1.45,0.05982906,17.50244318,14.7602179,1,7,-0.35,77.95,80.26251257,82.2277392,-1.965226629,-1.53189132,0,14
2018/10/22,78.35,79.55,78,79.2,-0.1,0.307692308,23.26221178,13.38910527,1,6,-1.45,78.9875,80.6829694,82.56995833,-1.886988935,-1.423557493,0,13
2018/10/19,78.2,79.3,78,79.3,0.15,0.314049587,19.50870229,8.452552006,1,5,-0.1,78.975,80.99123656,82.856555,-1.865318438,-1.307699633,0,12
2018/10/18,79.5,79.75,78.95,79.15,-0.25,0.233333333,13.5605741,2.924476863,1,4,0.15,79.25,81.35782502,83.1670794,-1.809254373,-1.168294932,0,11
2018/10/17,80.45,80.5,79.35,79.4,0.1,0.233918129,8.674194479,-2.393571754,1,3,-0.25,79.6625,81.74106594,83.48044575,-1.739379811,-1.008055071,0,10
2018/10/16,79,79.5,78.6,79.3,0.1,0.219653179,1.315385286,-7.92745487,1,2,0.1,79.175,82.11898702,83.78588141,-1.666894391,-0.825223887,0,9
2018/10/15,79.5,79.5,78.65,79.2,-0.85,0.180904523,-9.00958103,-12.54887495,1,1,0.1,79.1375,82.65425738,84.15475192,-1.500494537,-0.614806261,0,8
2018/10/12,77.7,80.05,77.5,80.05,2.65,0.266331658,-22.55959768,-14.31852191,0,8,-0.85,79.4125,83.29366782,84.55613208,-1.262464257,-0.393384192,0,7
2018/10/11,80.15,80.15,77.35,77.4,-5.85,-1.287356322,-47.15597943,-10.19798402,0,7,2.65,78.075,83.99933469,84.96762264,-0.968287947,-0.176114175,0,6
2018/10/9,83.05,83.4,82.8,83.25,0.25,0.057471264,-6.36615305,8.281013677,0,6,-5.85,83.175,85.07648646,85.51903245,-0.442545996,0.021929268,0,5
2018/10/8,82.95,83.4,82.5,83,-0.45,-0.115384615,-12.42279279,15.60459704,0,5,0.25,82.975,85.42221127,85.70655505,-0.284343781,0.138048084,0,4
2018/10/5,84.5,84.5,83,83.45,-1.45,-0.591836735,-12.86495842,29.61829196,0,4,-0.45,83.6,85.86715877,85.92507945,-0.057920682,0.24364605,0,3
2018/10/4,85.7,85.7,84.8,84.9,-1.05,-0.689655172,10.29439911,50.85991714,0,3,-1.45,85.075,86.27936946,86.11108581,0.168283647,0.319037733,0,2
2018/10/3,86.05,86.3,85.8,85.95,-0.1,0.034482759,49.92435728,71.14267616,0,2,-1.05,86,86.49834572,86.19397267,0.304373047,0.356726254,0,1
2018/10/2,87.25,87.25,86,86.05,-1.3,0.333333333,73.16239799,81.75183561,0,1,-0.1,86.3375,86.58895403,86.20949049,0.379463546,0.369814556,1,5
2018/10/1,86.9,87.4,86.9,87.35,0.45,1,93.07693031,86.04655442,1,10,-1.3,87.25,86.63467295,86.19924973,0.435423222,0.367402308,1,4
2018/9/28,87.35,87.65,86.6,86.9,-0.45,0.769230769,89.61539547,82.53136647,1,9,0.45,87.0125,86.5227953,86.1151897,0.407605599,0.35039708,1,3
2018/9/27,86.6,87.45,86.6,87.35,0.45,1.11627907,95.96155474,78.98935197,1,8,-0.45,87.1875,86.43375809,86.04340488,0.390353205,0.33609495,1,2
2018/9/26,86.9,87,86.75,86.9,-0.2,0.906976744,88.12837862,70.50325058,1,7,0.45,86.8875,86.2967141,85.95187727,0.34483683,0.322530386,1,1
2018/9/25,86.65,87.15,86.6,87.1,0.25,1.131578947,86.84373073,61.69068656,1,6,-0.2,86.9875,86.18929848,85.87702745,0.31227103,0.316953775,0,11
2018/9/21,86.25,86.85,85.9,86.85,0.95,1.225806452,73.68664872,49.11416448,1,5,0.25,86.6125,86.04417094,85.78818965,0.255981286,0.318124462,0,10
2018/9/20,86.45,86.55,85.8,85.9,-0.25,0.612903226,49.2396505,36.82792236,1,4,0.95,86.0375,85.94083838,85.72224482,0.218593556,0.333660256,0,9
2018/9/19,85.8,86.3,85.7,86.15,0.75,0.774193548,43.21431447,30.62205828,1,3,-0.25,86.075,85.92326354,85.69702441,0.22623913,0.362426931,0,8
2018/9/18,85.6,85.7,85.2,85.4,-0.45,0.219512195,26.11179428,24.32593019,1,2,0.75,85.425,85.89567509,85.66678636,0.22888873,0.396473881,0,7
2018/9/17,86.5,86.5,85.7,85.85,-0.65,0.43902439,28.19208166,23.43299814,1,1,-0.45,85.975,85.98125238,85.68612927,0.29512311,0.438370169,0,6
2018/9/14,85.75,86.5,85.6,86.5,1.55,0.756097561,20.33690298,21.05345638,0,10,-0.65,86.275,85.98238917,85.66301961,0.319369565,0.474181933,0,5
2018/9/13,85.8,85.8,84.9,84.95,-0.6,-0.413793103,-7.299523572,21.41173308,0,9,1.55,85.15,85.92918721,85.61406118,0.315126028,0.512885025,0,4
2018/9/12,85.85,85.9,85.25,85.55,-0.1,-0.052631579,9.740369814,35.76736141,0,8,-0.6,85.5625,86.07085761,85.65118607,0.419671535,0.562324775,0,3
2018/9/11,85.95,86,85.4,85.65,-0.35,-0.225806452,17.24213367,48.7808572,0,7,-0.1,85.675,86.16328626,85.65828096,0.505005305,0.597988085,0,2
2018/9/10,86.6,86.6,85.65,86,-0.4,-0.192307692,37.15352308,64.55021897,0,6,-0.35,86.0625,86.25206558,85.65694344,0.595122149,0.62123378,0,1
2018/9/7,86.2,86.45,86,86.4,-0.1,0.425,65.34566924,78.24856692,0,5,-0.4,86.3125,86.28653205,85.62449891,0.662033144,0.627761687,1,9
2018/9/6,86.9,86.9,86.2,86.5,-0.5,0.618181818,76.76850386,84.70001575,0,4,-0.1,86.525,86.28181061,85.56945882,0.712351786,0.619193823,1,8
2018/9/5,87,87.3,86.7,87,0,0.8,84.24366488,88.6657717,0,3,-0.5,87,86.23759436,85.49301553,0.744578828,0.595904332,1,7
2018/9/4,86.8,87,86.45,87,0.55,0.810344828,86.36549732,90.87682511,0,2,0,86.8625,86.09897515,85.37245677,0.726518378,0.558735709,1,6
2018/9/3,86.95,87.2,86.4,86.45,-0.5,0.633333333,89.0310046,93.13248901,0,1,0.55,86.625,85.96015245,85.25325331,0.706899136,0.516790041,1,5
2018/8/31,87,87,86.45,86.95,-0.6,0.833333333,101.8798402,95.18323121,1,8,-0.5,86.8375,85.83927108,85.14351358,0.695757498,0.469262768,1,4
2018/8/30,87.8,88.35,87.45,87.55,0.3,1.083333333,111.1530937,91.8349267,1,7,-0.6,87.725,85.65777491,85.00799466,0.649780244,0.412639085,1,3
2018/8/29,86.45,87.35,86.45,87.25,1,1.384615385,112.5629739,82.17584321,1,6,0.3,87.075,85.2819158,84.79063424,0.491281563,0.353353796,1,2
2018/8/28,85.95,86.4,85.95,86.25,0.7,1.368421053,99.61369156,66.98227789,1,5,1,86.2125,84.95590049,84.60788498,0.348015515,0.318871854,1,1
2018/8/27,85,85.55,85,85.55,0.75,1.357142857,80.99948471,50.66657105,1,4,0.7,85.4125,84.72742785,84.47951578,0.247912079,0.311585938,0,12
2018/8/24,85,85.1,84.45,84.8,-0.25,0.821428571,53.64208421,35.50011422,1,3,0.75,84.7875,84.60286928,84.40487704,0.197992245,0.327504403,0,11
2018/8/23,84.8,85.2,84.6,85.05,0.4,0.682926829,39.39169774,26.42912923,1,2,-0.25,84.975,84.56930006,84.3742672,0.195032861,0.359882442,0,10
2018/8/22,84.7,84.85,84.35,84.65,0.1,0.4,24.94120515,19.94784497,1,1,0.4,84.625,84.49553644,84.32620858,0.16932786,0.401094838,0,9
2018/8/21,83.9,84.65,83.9,84.55,0.6,0.36,17.41180773,17.45116488,0,8,0.1,84.4125,84.47199761,84.30230526,0.169692344,0.459036582,0,8
2018/8/20,83.9,84.1,83.7,83.95,0.3,0.12,8.117711588,17.47084345,0,7,0.6,83.925,84.48281535,84.29348968,0.18932567,0.531372642,0,7
2018/8/17,83.95,84.15,83.6,83.65,-0.15,-0.041666667,6.176567383,22.14740939,0,6,0.3,83.7625,84.58423633,84.32296886,0.261267468,0.616884385,0,6
2018/8/16,83.25,84.1,83.05,83.8,0.05,0.020833333,11.34818441,30.13283039,0,5,-0.15,83.6875,84.73364293,84.36780637,0.365836564,0.705788614,0,5
2018/8/15,84.5,84.5,83.45,83.75,-0.8,-0.090909091,15.98060994,39.52515338,0,4,0.05,83.8625,84.92385074,84.42223088,0.501619861,0.790776627,0,4
2018/8/14,84.4,84.6,84.05,84.55,0.6,0.272727273,28.51636946,51.2974251,0,3,-0.8,84.4375,85.1168236,84.46700935,0.649814252,0.863065818,0,3
2018/8/13,85.05,85.05,83.65,83.95,-1.75,-0.692307692,29.13819056,62.68795291,0,2,0.6,84.15,85.24033698,84.46937009,0.770966886,0.91637871,0,2
2018/8/10,85.7,86.15,85.65,85.7,-0.45,0.653846154,78.32267045,79.46283409,0,1,-1.75,85.8,85.43858007,84.4949197,0.943660365,0.952731666,0,1
2018/8/9,86.1,86.25,85.7,86.15,0,1,84.79169798,80.03291591,1,1,-0.45,86.0625,85.37286735,84.39051328,0.982354074,0.954999491,1,24
2018/8/8,85.8,86.4,85.8,86.15,0.65,1,77.18754698,77.65352488,0,5,0,86.125,85.2474796,84.25675434,0.990725258,0.948160845,1,23
2018/8/7,85.7,85.8,85.4,85.5,-0.2,0.535714286,65.78132046,77.88651383,0,4,0.65,85.55,85.08793043,84.10729469,0.980635746,0.937519742,1,22
2018/8/6,85.55,86.1,85.35,85.7,0.15,0.689655172,71.88626641,83.93911051,0,3,-0.2,85.7125,85.00391779,83.99187826,1.012039523,0.926740741,1,21
2018/8/3,85.4,85.7,85.35,85.55,0.7,0.625,73.34664099,89.96553257,0,2,0.15,85.5375,84.87508466,83.85422852,1.020856132,0.905416046,1,20
2018/8/2,86.1,86.15,84.85,84.85,-1.3,0.1875,78.76996149,98.27497835,0,1,0.7,85.175,84.7546455,83.71956681,1.035078696,0.876556024,1,19
2018/8/1,85.8,86.2,85.8,86.15,0.6,1.1875,108.7799422,108.0274868,1,1,-1.3,86.075,84.67821741,83.60313215,1.075085261,0.836925356,1,18
2018/7/31,85.35,85.7,85.05,85.55,0,0.943396226,103.7949134,107.6512591,0,2,0.6,85.4625,84.42425694,83.40538272,1.018874219,0.77738538,1,17
2018/7/30,85.65,85.9,85.4,85.55,-0.15,0.952380952,108.5225587,109.5794319,0,1,0,85.6,84.23548547,83.24081334,0.994672135,0.71701317,1,16
2018/7/27,85.1,85.75,85.1,85.7,0.7,1.285714286,115.1647905,110.1078685,1,3,-0.15,85.5625,83.98739192,83.05207841,0.935313518,0.647598429,1,15
2018/7/26,84.75,85.25,84.75,85,0.25,1.113636364,108.4614714,107.5794075,1,2,0.7,85,83.70100864,82.85124468,0.849763959,0.575669656,1,14
2018/7/25,84.05,84.85,84.05,84.75,0.05,1.023255814,107.0103889,107.1383756,0,1,0.25,84.6,83.46482839,82.67934425,0.785484137,0.507146081,1,13
2018/7/24,84.45,84.7,84.15,84.7,0.15,1.016949153,109.3527927,107.202369,1,3,0.05,84.5625,83.25843355,82.52569179,0.732741759,0.437561566,1,12
2018/7/23,84.3,84.75,83.85,84.55,-0.1,0.966101695,113.1817314,106.1271571,1,2,0.15,84.425,83.02133056,82.36274714,0.658583425,0.363766518,1,11
2018/7/20,84,84.7,84,84.65,1.35,1.787878788,121.4675123,102.59987,1,1,-0.1,84.5,82.76611794,82.19776691,0.568351029,0.290062292,1,10
2018/7/19,83.1,83.8,83.05,83.3,0.25,0.979166667,92.80732904,93.16604881,0,3,1.35,83.3625,82.45086665,82.01358826,0.437278392,0.220490108,1,9
2018/7/18,83.15,83.5,82.95,83.05,0.5,0.884615385,90.25266023,93.34540869,0,2,0.25,83.1375,82.28511513,81.90567532,0.379439813,0.166293037,1,8
2018/7/17,82.85,82.85,82.4,82.55,-0.45,0.692307692,91.14822111,94.89178292,0,1,0.5,82.5875,82.13013607,81.80712935,0.323006721,0.113006342,1,7
2018/7/16,83.3,83.45,83,83,-0.35,0.865384615,102.1069471,96.76356383,1,12,-0.45,83.1125,82.04697899,81.74469969,0.302279295,0.060506248,1,6
2018/7/13,83,83.4,82.8,83.35,0.7,1.368421053,109.8911898,94.09187221,1,11,-0.35,83.225,81.8532479,81.63527567,0.217972226,6.29859E-05,1,5
2018/7/12,81.6,82.65,81.5,82.65,0.95,1.117647059,96.41573209,86.19221341,1,10,0.7,82.3625,81.60383842,81.50809772,0.095740699,-0.054414324,1,4
2018/7/11,81.7,81.9,81.3,81.7,-0.75,0.6875,88.74124519,81.08045408,1,9,0.95,81.65,81.46589995,81.43974554,0.026154413,-0.09195308,1,3
2018/7/10,82.65,82.8,82.35,82.45,0.2,1.090909091,98.73686779,77.25005852,1,8,-0.75,82.5125,81.43242722,81.42292519,0.009502034,-0.121479953,1,2
2018/7/9,81.75,82.45,81.55,82.25,1.3,1.571428571,93.55984714,66.50665388,1,7,0.2,82.125,81.23605035,81.3357592,-0.09970885,-0.15422545,1,1
2018/7/6,81.1,81.15,80.2,80.95,0.2,0.642857143,61.76834214,52.98005725,1,6,1.3,80.8125,81.07442314,81.27261994,-0.198196795,-0.1678546,0,15
2018/7/5,81.45,81.45,80.6,80.75,-0.65,0.5,60.50965607,48.58591481,1,5,0.2,80.8875,81.12204553,81.30942953,-0.187384001,-0.160269051,0,14
2018/7/4,81.15,81.6,81.1,81.4,0.25,0.964285714,65.7644841,42.62404418,1,4,-0.65,81.375,81.16469017,81.34318389,-0.178493722,-0.153490314,0,13
2018/7/3,81.3,81.95,80.6,81.15,0.1,0.75862069,50.43244044,31.05382422,1,3,0.25,81.2125,81.12645202,81.3406386,-0.214186584,-0.147239462,0,12
2018/7/2,81.5,81.9,81,81.05,-0.4,0.689655172,37.71762617,21.36451611,1,2,0.1,81.25,81.11080693,81.35088969,-0.240082759,-0.130502681,0,11
2018/6/29,80.3,81.55,80.2,81.45,1.4,0.736842105,22.09368064,13.18796108,1,1,-0.4,81.1625,81.0854991,81.35896087,-0.273461765,-0.103107662,0,10
2018/6/28,80.05,80.4,79.8,80.05,-0.35,-0.225806452,-3.701584305,8.735101305,0,12,1.4,80.075,81.07149894,81.37467774,-0.303178797,-0.060519136,0,9
2018/6/27,80.75,80.9,80.3,80.4,-0.3,-0.083333333,5.737946123,14.95344411,0,11,-0.35,80.5,81.25268057,81.47865196,-0.225971391,0.000145779,0,8
2018/6/26,80.7,80.7,80,80.7,-0.2,0.041666667,12.77358585,19.5611931,0,10,-0.3,80.525,81.38953158,81.55694411,-0.167412535,0.056675072,0,7
2018/6/25,80.85,81.05,80.7,80.9,-0.25,0.125,17.07704544,22.95499673,0,9,-0.2,80.8875,81.54671914,81.63949964,-0.092780505,0.112696973,0,6
2018/6/22,80.8,81.2,80.35,81.15,-0.1,0.229166667,19.36556816,25.89397238,0,8,-0.25,80.9625,81.66657716,81.69965961,-0.033082451,0.164066343,0,5
2018/6/21,81.5,81.6,81.2,81.25,-0.25,0.228070175,17.59001891,29.15817448,0,7,-0.1,81.325,81.79459119,81.75863238,0.035958809,0.213353541,0,4
2018/6/20,80.65,81.7,80.3,81.5,0.9,0.315789474,14.9815196,34.94225227,0,6,-0.25,81.25,81.87997141,81.79332297,0.086648436,0.257702224,0,3
2018/6/19,81.1,81.2,80.6,80.6,-1.35,-0.676470588,6.68280571,44.9226186,0,5,0.9,80.75,81.99451167,81.83678881,0.157722854,0.300465672,0,2
2018/6/15,81.6,81.95,81.2,81.95,0.2,0.117647059,43.84773798,64.04252505,0,4,-1.35,81.7625,82.22078651,81.92373192,0.297054597,0.336151376,0,1
2018/6/14,82.5,82.55,81.75,81.75,-1.25,0.19047619,59.88925402,74.13991859,0,3,0.2,81.95,82.30411133,81.93663047,0.367480865,0.345925571,1,9
2018/6/13,82.45,83.1,82.35,83,0.5,0.833333333,80.31007151,81.26525087,0,2,-1.25,82.8625,82.36849521,81.93556091,0.432934306,0.340536747,1,8
2018/6/12,82.25,82.5,81.95,82.5,-0.15,0.68852459,78.7984406,81.74284055,0,1,0.5,82.3625,82.27867616,81.86140578,0.417270381,0.317437358,1,7
2018/6/11,82.8,82.95,82.4,82.65,0.1,0.737704918,83.77143139,83.21504053,1,6,-0.15,82.6625,82.26343546,81.82131824,0.442117221,0.292479102,1,6
2018/6/8,83.3,83.3,82.5,82.55,-0.9,0.704918033,88.77190119,82.9368451,1,5,0.1,82.725,82.19087827,81.7540237,0.436854573,0.255069572,1,5
2018/6/7,83.5,83.6,83,83.45,0.15,1.051724138,97.91195015,80.01931705,1,4,-0.9,83.375,82.09376523,81.6763456,0.417419636,0.209623322,1,4
2018/6/6,82.65,83.35,82.65,83.3,0.8,1.318181818,94.28171832,71.0730005,1,3,0.15,83.15,81.86081346,81.54045325,0.320360213,0.157674243,1,3
2018/6/5,82.7,82.7,82.25,82.5,-0.1,0.954545455,75.51348657,59.46864159,1,2,0.8,82.4875,81.62641591,81.41168951,0.2147264,0.117002751,1,2
2018/6/4,81.8,82.6,81.8,82.6,1.25,1.222222222,65.54295713,51.44621909,1,1,-0.1,82.4,81.46985516,81.32562467,0.144230495,0.092571838,1,1
2018/6/1,80.8,81.45,80.8,81.35,0.6,0.527777778,37.20332459,44.39785007,0,3,1.25,81.2375,81.30073792,81.23967464,0.061063278,0.079657174,0,2
2018/5/31,80.8,80.95,80.55,80.75,0.35,0.194444444,29.41609799,47.99511282,0,2,0.6,80.75,81.31223572,81.23984861,0.072387111,0.084305648,0,1
2018/5/30,81.4,81.4,80.3,80.4,-1.45,-0.44,34.40192477,57.28462023,0,1,0.35,80.625,81.4144604,81.2790365,0.135423898,0.087285282,1,16
2018/5/29,82.2,82.2,81.5,81.85,-0.35,0.72,73.60288715,68.72596796,1,2,-1.45,81.85,81.55799865,81.33135942,0.226639232,0.075250628,1,15
2018/5/28,82.05,82.25,82,82.2,0.35,1.136363636,74.40433073,66.28750836,1,1,-0.35,82.1625,81.5049075,81.28986817,0.215039325,0.037403477,1,14
2018/5/25,81.55,82.05,81.4,81.85,0.3,0.580645161,54.78831428,62.22909718,0,7,0.35,81.7875,81.38534522,81.22005763,0.165287597,-0.007005485,1,13
2018/5/24,81.35,81.7,81.25,81.55,0.2,0.387096774,53.15021335,65.94948863,0,6,0.3,81.5125,81.31222617,81.17466224,0.137563937,-0.050078756,1,12
2018/5/23,81.9,82,81.3,81.35,-0.4,0.378378378,60.37048132,72.34912626,0,5,0.2,81.5,81.27581275,81.14763522,0.128177535,-0.096989429,1,11
2018/5/22,81.8,82.3,81.75,81.75,-0.3,0.634146341,71.63680306,78.33844873,0,4,-0.4,81.8875,81.23505143,81.11944603,0.1156054,-0.15328117,1,10
2018/5/21,81.2,82.1,81.2,82.05,1.1,0.82,75.74788752,81.68927157,0,3,-0.3,81.85,81.11642442,81.05800172,0.058422705,-0.220502813,1,9
2018/5/18,81.2,81.5,80.85,80.95,-0.25,0.483333333,72.62183128,84.65996359,0,2,1.1,81.0625,80.98304704,80.99464185,-0.01159481,-0.290234192,1,8
2018/5/17,81.95,82,81.2,81.2,-0.55,0.633802817,84.76608026,90.67902974,0,1,-0.25,81.4,80.96860105,80.9892132,-0.020612151,-0.359894037,1,7
2018/5/16,81.45,81.8,81.4,81.75,0.1,0.810126582,95.45897955,93.63550448,1,9,-0.55,81.675,80.89016488,80.95635026,-0.06618538,-0.444714509,1,6
2018/5/15,82.35,82.4,81.65,81.65,-0.85,0.784810127,102.6821402,92.72376695,1,8,0.1,81.8375,80.74746758,80.89885828,-0.151390696,-0.539346791,1,5
2018/5/14,82,82.6,81.9,82.5,0.9,1.295081967,114.782704,87.74458033,1,7,-0.85,82.375,80.54927987,80.82376694,-0.27448707,-0.636335815,1,4
2018/5/11,81.1,81.7,81.05,81.6,0.95,1.452380952,107.4199576,74.2255185,1,6,0.9,81.4875,80.21733075,80.69966829,-0.48233754,-0.726798001,1,3
2018/5/10,80.7,80.7,80.45,80.65,0.2,1.105263158,88.51088879,57.62829895,1,5,0.95,80.6125,79.98639089,80.63664176,-0.650250867,-0.787913116,1,2
2018/5/9,80,80.55,80,80.45,0.45,1.310344828,77.50317529,42.18700403,1,4,0.2,80.3625,79.87255287,80.6385731,-0.766020227,-0.822328679,1,1
2018/5/8,79.4,80.05,79.35,80,0.5,1,50.73752156,24.5289184,1,3,0.45,79.85,79.78347158,80.66065895,-0.877187371,-0.836405792,0,29
2018/5/7,79.5,79.55,78.8,79.5,0.55,0.655172414,26.10628234,11.42461682,1,2,0.5,79.3375,79.7713755,80.72551166,-0.954136164,-0.826210397,0,28
2018/5/4,78.55,79,78.4,78.95,0.4,0.181818182,6.400802817,4.083784058,1,1,0.55,78.825,79.85026195,80.83655259,-0.986290643,-0.794228956,0,27
2018/5/3,79.05,79.05,78.35,78.55,-0.85,-0.138888889,0.510295135,2.925274678,0,1,0.4,78.625,80.03667322,80.9974768,-0.960803586,-0.746213534,0,26
2018/5/2,80.05,80.15,79.4,79.4,-0.6,0.097222222,7.709887146,4.13276445,1,2,-0.85,79.5875,80.29334107,81.18727495,-0.893933873,-0.692566021,0,25
2018/4/30,79.65,80.15,79.05,80,0.8,0.263888889,6.703719609,2.344203102,1,1,-0.6,79.8,80.42167581,81.31525694,-0.893581128,-0.642224058,0,24
2018/4/27,79.6,79.65,78.8,79.2,0.15,0.041666667,-3.138865032,0.164444848,0,6,0.8,79.2125,80.53470778,81.4364775,-0.901769717,-0.579384791,0,23
2018/4/26,79.7,79.7,78.8,79.05,-0.25,-0.074626866,-6.791630881,1.816099788,0,5,0.15,79.15,80.7751092,81.6143957,-0.839286502,-0.498788559,0,22
2018/4/25,79.25,79.3,78.8,79.3,-0.25,-0.080645161,-6.456103037,6.119965122,0,4,-0.25,79.175,81.0705836,81.81154735,-0.740963758,-0.413664073,0,21
2018/4/24,79.9,79.95,79.05,79.55,-0.4,-0.137931034,-5.651896492,12.4079992,0,3,-0.25,79.525,81.41523516,82.02247114,-0.607235984,-0.331839152,0,20
2018/4/23,80.25,80.45,79.9,79.95,-0.8,-0.380952381,-1.581293013,21.43794705,0,2,-0.4,80.0625,81.75891428,82.22226883,-0.463354556,-0.262989944,0,19
2018/4/20,81,81.1,80.5,80.75,-1.9,-0.448275862,16.67567953,32.94756708,0,1,-0.8,80.775,82.06735324,82.39505034,-0.327697103,-0.212898791,0,18
2018/4/19,81.9,82.65,81.9,82.65,1.05,0.862068966,47.4273124,41.08351086,1,1,-1.9,82.4625,82.30232655,82.52465437,-0.222327814,-0.184199213,0,17
2018/4/18,81.6,82.1,81.35,81.6,0.2,0.137931034,28.03752032,37.91161009,0,2,1.05,81.6625,82.27320411,82.52962672,-0.256422609,-0.174667063,0,16
2018/4/17,82.4,82.4,81.35,81.4,-0.9,-0.068965517,35.15972875,42.84865497,0,1,0.2,81.6375,82.38424122,82.59899685,-0.214755635,-0.154228176,0,15
2018/4/16,82.65,82.65,82,82.3,-0.2,0.551724138,56.18786899,46.69311808,1,5,-0.9,82.3125,82.52001235,82.6759166,-0.155904253,-0.139096312,0,14
2018/4/13,82.7,82.8,82.3,82.5,0,0.689655172,56.69559659,41.94574263,1,4,-0.2,82.525,82.55774187,82.70498993,-0.147248063,-0.134894326,0,13
2018/4/12,83.05,83.15,82.25,82.5,-0.35,0.689655172,50.56063626,34.57081565,1,3,0,82.6,82.56369493,82.71938912,-0.155694191,-0.131805892,0,12
2018/4/11,82.9,83.1,82.75,82.85,0.35,0.710526316,41.35819577,26.57590535,1,2,-0.35,82.8875,82.55709401,82.72894025,-0.171846242,-0.125833817,0,11
2018/4/10,82.1,82.85,81.75,82.5,0.3,0.526315789,26.51097786,19.18476014,1,1,0.35,82.4,82.4970202,82.71625547,-0.219235278,-0.114330711,0,10
2018/4/9,82.15,82.3,81.6,82.2,0.7,0.368421053,13.45067732,15.52165128,0,3,0.3,82.075,82.51466023,82.74155591,-0.226895681,-0.088104569,0,9
2018/4/3,81.5,81.55,81.2,81.5,-0.75,-0.413793103,1.754963352,16.55713826,0,2,0.7,81.4375,82.59459846,82.79488039,-0.20028193,-0.053406791,0,8
2018/4/2,82.85,82.95,82.15,82.25,-0.7,0.085714286,23.3221002,23.95822571,0,1,-0.75,82.4,82.80497999,82.90347082,-0.098490823,-0.016688006,0,7
2018/3/31,82.85,83.05,82.75,82.95,0.1,0.485714286,30.69743602,24.27628846,1,2,-0.7,82.925,82.87861272,82.94374848,-0.065135762,0.003762698,0,6
2018/3/30,82.65,83.05,82.65,82.85,0.75,0.428571429,21.76043974,21.06571469,1,1,0.1,82.85,82.87017867,82.94524836,-0.075069692,0.020987313,0,5
2018/3/29,82.25,82.35,81.8,82.1,-0.15,0,11.21208818,20.71835216,0,11,0.75,82.0875,82.87384752,82.95286823,-0.079020712,0.045001564,0,4
2018/3/28,82.9,82.9,82.2,82.25,-1.15,0.069767442,16.81813227,25.47148416,0,10,-0.15,82.4,83.01681979,83.02209769,-0.005277894,0.076007133,0,3
2018/3/27,83,83.4,82.95,83.4,1.2,0.590909091,21.73882631,29.7981601,0,9,-1.15,83.2875,83.12896885,83.0718655,0.057103344,0.09632839,0,2
2018/3/26,81.85,82.2,81.6,82.2,0.1,0.035087719,3.062784917,33.827827,0,8,1.2,82.05,83.100145,83.05461474,0.045530258,0.106134652,0,1
2018/3/23,81.85,82.4,81.8,82.1,-1.45,-1.035714286,2.83979141,49.21034804,0,7,0.1,82.1,83.29108046,83.13498392,0.156096533,0.12128575,1,14
2018/3/22,84,84.6,83.45,83.55,-0.3,0.333333333,56.0454014,72.39562635,0,6,-1.45,83.7875,83.50764054,83.21778264,0.289857902,0.112583054,1,13
2018/3/21,83.8,84.1,83.6,83.85,0.05,0.5,67.40143543,80.57073882,0,5,-0.3,83.85,83.456757,83.17220525,0.284551752,0.068264343,1,12
2018/3/20,83.2,83.8,83.2,83.8,-0.05,0.634920635,76.10215315,87.15539052,0,4,0.05,83.65,83.38525827,83.11798167,0.267276605,0.01419249,1,11
2018/3/19,83.65,84.1,83.45,83.85,-0.05,0.650793651,82.40719798,92.6820092,0,3,-0.05,83.8125,83.33712341,83.0754202,0.261703212,-0.049078538,1,10
2018/3/16,84,84.2,83.1,83.9,-0.35,0.75,91.07111443,97.81941481,0,2,-0.05,83.775,83.25069131,83.01645382,0.234237489,-0.126773976,1,9
2018/3/15,84,84.3,83.9,84.25,-0.05,0.833333333,99.10667165,101.193565,0,1,-0.35,84.175,83.15536245,82.95577012,0.19959233,-0.217026842,1,8
2018/3/14,84.35,84.45,84,84.3,-0.65,0.845238095,106.9933408,102.2370117,1,16,-0.05,84.2625,82.96997381,82.85823173,0.111742075,-0.321181636,1,7
2018/3/13,84.35,84.95,84.3,84.95,0.8,1.235294118,118.2281064,99.8588471,1,15,-0.65,84.7875,82.73496904,82.74589027,-0.010921225,-0.429412563,1,6
2018/3/12,83.6,84.25,83.55,84.15,1.3,1.619047619,115.5774538,90.67421743,1,14,0.8,84.025,82.3617816,82.58256149,-0.220779894,-0.534035398,1,5
2018/3/9,82.9,83,82.7,82.85,0.1,1.05,92.41379974,78.22259924,1,13,1.3,82.85,82.05937825,82.46716641,-0.407788159,-0.612349274,1,4
2018/3/8,82.15,82.8,82.15,82.75,0.95,1.212121212,86.1206996,71.126999,1,12,0.1,82.6125,81.91562884,82.43653972,-0.52091088,-0.663489553,1,3
2018/3/7,81.75,82.45,81.7,81.8,-0.35,0.636363636,68.5749888,63.6301487,1,11,0.95,81.9375,81.788925,82.4224629,-0.633537905,-0.699134221,1,2
2018/3/6,81.65,82.15,81.6,82.15,1.4,0.907407407,71.04430138,61.15772865,1,10,-0.35,82.0125,81.76191136,82.46125993,-0.699348574,-0.7155333,1,1
2018/3/5,81.1,81.5,80.65,80.75,-0.4,0.507462687,61.1960817,56.21444228,1,9,1.4,80.9125,81.71634979,82.49716073,-0.78081094,-0.719579481,0,18
2018/3/2,80.85,81.2,80.45,81.15,-0.6,0.626865672,66.42098822,53.72362257,1,8,-0.4,80.9875,81.8625043,82.62393359,-0.761429291,-0.704271617,0,17
2018/3/1,81.55,81.95,81.15,81.75,-0.6,0.805970149,68.28819874,47.37493975,1,7,-0.6,81.65,82.02159599,82.75484827,-0.733252288,-0.689982198,0,16
2018/2/27,83.1,83.2,82.35,82.35,-0.05,0.985074627,62.13379065,36.91831025,1,6,-0.6,82.5625,82.08915889,82.84323614,-0.754077243,-0.679164676,0,15
2018/2/26,82.55,82.8,82.35,82.4,0.4,0.736263736,43.94695464,24.31057004,1,5,-0.05,82.4875,82.00309687,82.86569503,-0.862598154,-0.660436534,0,14
2018/2/23,81.4,82.1,81.4,82,1,0.504273504,29.10724514,14.49237774,1,4,0.4,81.875,81.91502358,82.89595063,-0.980927052,-0.609896129,0,13
2018/2/22,81.5,81.5,80.75,81,-0.5,0.314516129,18.4471925,7.184944045,1,3,1,81.0625,81.92230059,82.97762668,-1.055326088,-0.517138399,0,12
2018/2/21,81.4,81.7,81.1,81.5,1.8,0.39516129,11.9449823,1.553819817,1,2,-0.5,81.45,82.07862797,83.13083681,-1.052208842,-0.382591476,0,11
2018/2/12,79.55,79.9,79.4,79.7,0.65,0.10483871,-1.840591064,-3.641761425,1,1,1.8,79.675,82.19292396,83.26530376,-1.072379793,-0.215187135,0,10
2018/2/9,78.6,79.2,78,79.05,-1.55,-0.101694915,-8.00282208,-4.542346606,0,14,0.65,78.825,82.65072832,83.55252806,-0.901799736,-0.00088897,0,9
2018/2/8,80.65,80.95,80.3,80.6,-0.05,0.121019108,-6.919487358,-2.812108869,0,13,-1.55,80.6125,83.34631529,83.9307303,-0.584415013,0.224338721,0,8
2018/2/7,81.35,81.4,80.6,80.65,1,0.127388535,-16.43018645,-0.758419624,0,12,-0.05,80.825,83.84337261,84.19618873,-0.352816112,0.426527155,0,7
2018/2/6,80.85,81.1,78.8,79.65,-3.95,-1.012820513,-31.01470643,7.077463789,0,11,1,79.8,84.39216764,84.46588382,-0.07371619,0.621362972,0,6
2018/2/5,83.2,83.75,82.9,83.6,-1.3,-0.253333333,4.118966,26.1235489,0,10,-3.95,83.4625,85.22710721,84.83915453,0.387952675,0.795132762,0,5
2018/2/2,84.85,85.15,84.35,84.9,-0.35,0.093333333,18.84511567,37.12584034,0,9,-1.3,84.825,85.54794488,84.94928689,0.598657986,0.896927784,0,4
2018/2/1,84.75,85.5,84.75,85.25,0.6,0.186666667,23.60100683,46.26620268,0,8,-0.35,85.1875,85.6793894,84.95922984,0.720159558,0.971495234,0,3
2018/1/31,84.4,85,84.15,84.65,0.1,0.026666667,26.06817692,57.59880061,0,7,0.6,84.6125,85.76882384,84.94096823,0.827855607,1.034329152,0,2
2018/1/30,85.2,85.35,84.5,84.55,-1,-0.19047619,37.76893204,73.36411245,0,6,0.1,84.7375,85.97906454,84.96724569,1.011818847,1.085947539,0,1
2018/1/29,85.5,86.15,85.2,85.55,-1.95,0.166666667,66.17720759,91.16170266,0,5,-1,85.6125,86.20480354,84.98562535,1.219178198,1.104479712,1,26
2018/1/26,87.45,87.6,86.85,87.5,0.05,0.780821918,90.93247805,103.6539502,0,4,-1.95,87.3625,86.3124951,84.93547537,1.377019724,1.07580509,1,25
2018/1/25,87.25,88.3,87.15,87.45,0.25,0.797619048,97.35762118,110.0146863,0,3,0.05,87.5875,86.12158512,84.7413134,1.380271712,1.000501432,1,24
2018/1/24,88,88,86.85,87.2,-1.1,0.775510204,106.1554794,116.3432188,0,2,0.25,87.3125,85.85505514,84.51361848,1.341436661,0.905558862,1,23
2018/1/23,88.05,88.4,87.9,88.3,0.35,1.076923077,120.4577089,121.4370885,0,1,-1.1,88.225,85.59006516,84.28970795,1.300357207,0.796589412,1,22
2018/1/22,87.15,87.95,87.15,87.95,0.8,1.213333333,126.8404095,121.9267784,1,6,0.35,87.75,85.1109861,83.97488459,1.13610151,0.670647464,1,21
2018/1/19,86.35,87.15,86.35,87.15,0.85,1.293103448,129.5939476,119.4699628,1,5,0.8,86.95,84.63116539,83.67287536,0.958290033,0.554283952,1,20
2018/1/18,85.5,86.55,85.5,86.3,1.15,1.657142857,129.7357489,114.4079704,1,4,0.85,86.1625,84.2095591,83.41070539,0.798853712,0.453282432,1,19
2018/1/17,84.65,85.45,84.65,85.15,0.15,1.09375,111.7464805,106.7440812,1,3,1.15,85.1,83.85447894,83.19056182,0.663917117,0.366889612,1,18
2018/1/16,84.65,85,84.5,85,0.35,1.269230769,112.9322208,104.2428815,1,2,0.15,84.875,83.62802056,83.03780676,0.590213797,0.292632735,1,17
2018/1/15,84.55,84.7,84.4,84.65,0.55,1.322580645,105.9367927,99.89821185,1,1,0.35,84.6,83.40129702,82.8908313,0.510465721,0.21823747,1,16
2018/1/12,83.55,84.2,83.5,84.1,0.7,0.975,92.77615677,96.87892143,0,3,0.55,83.975,83.18335103,82.75409781,0.429253221,0.145180407,1,15
2018/1/11,83.65,83.7,83.1,83.4,-0.35,0.693877551,90.41423516,98.93030376,0,2,0.7,83.4,83.03941485,82.65642563,0.38298922,0.074162204,1,14
2018/1/10,84.1,84.25,83.55,83.75,-0.4,0.876923077,100.9274752,103.1883381,0,1,-0.35,83.825,82.97385392,82.59693968,0.376914233,-0.00304455,1,13
2018/1/9,84.1,84.25,83.9,84.15,0.05,1.014492754,107.5450589,104.3187695,1,8,-0.4,84.1125,82.81910008,82.49869486,0.320405226,-0.098034246,1,12
2018/1/8,83.8,84.15,83.7,84.1,0.35,1.112903226,110.5929507,102.7056248,1,7,0.05,84.0125,82.58393646,82.36959045,0.214346016,-0.202644114,1,11
2018/1/5,83.5,83.8,83.3,83.75,0.25,1.087719298,110.2442648,98.7619618,1,6,0.35,83.65,82.32419764,82.23815768,0.086039955,-0.306891647,1,10
2018/1/4,83.5,83.65,83.2,83.5,0.15,1.055555556,110.9804323,93.0208103,1,5,0.25,83.4625,82.08314266,82.1252103,-0.042067634,-0.405124547,1,9
2018/1/3,82.95,83.45,82.95,83.35,0.75,1.384615385,113.6928707,84.0409993,1,4,0.15,83.275,81.83235042,82.01822712,-0.185876701,-0.495888775,1,8
2018/1/2,82.15,82.6,82.15,82.6,0.45,1.3,101.3085368,69.21506361,1,3,0.75,82.4875,81.5700505,81.91768529,-0.347634795,-0.573391794,1,7
2017/12/29,81.75,82.2,81.75,82.15,0.45,1.428571429,86.96280517,53.16832703,1,2,0.45,82.0625,81.4032415,81.87210011,-0.468858619,-0.629831043,1,6
2017/12/28,81.25,81.75,81.25,81.7,0.8,1.3125,59.01563633,36.27108795,1,1,0.45,81.6,81.28337631,81.85686812,-0.57349181,-0.67007415,1,5
2017/12/27,80.6,80.9,80.55,80.9,0.25,0.227272727,22.89845449,24.89881377,0,2,0.8,80.8125,81.22580837,81.87741757,-0.651609203,-0.694219734,1,4
2017/12/26,81.45,81.45,80.5,80.65,-0.8,-0.157894737,22.98404538,25.8989934,0,1,0.25,80.8125,81.30095535,81.96261098,-0.661655633,-0.704872367,1,3
2017/12/25,81.3,81.55,81.3,81.45,0.15,0.684210526,42.37080491,27.35646742,1,4,-0.8,81.4375,81.38976541,82.05461986,-0.664854448,-0.715676551,1,2
2017/12/22,80.8,81.35,80.7,81.3,0.3,0.526315789,29.34568105,19.84929867,1,3,0.15,81.1625,81.38108639,82.10398945,-0.722903053,-0.728382077,1,1
2017/12/21,81.1,81.35,81,81,-0.05,0.210526316,17.7027321,15.10110748,1,2,0.3,81.0875,81.42082937,82.1793086,-0.758479228,-0.729751832,0,19
2017/12/20,80.8,81.1,80.75,81.05,0.25,0.263157895,16.02778236,13.80029518,1,1,-0.05,80.9875,81.48143471,82.26665329,-0.785218576,-0.722569983,0,18
2017/12/19,81.2,81.4,80.7,80.8,-0.4,-0.055555556,10.8837788,12.68655159,0,1,0.25,80.925,81.57124103,82.36898555,-0.797744527,-0.706907835,0,17
2017/12/18,81.2,81.25,80.85,81.2,0.1,0.25,19.10344597,13.58793799,1,6,-0.4,81.125,81.68873939,82.4845044,-0.795765003,-0.684198662,0,16
2017/12/15,81.65,81.65,80.65,81.1,-0.65,0.12195122,16.15516896,10.830184,1,5,0.1,81.125,81.79123747,82.59326475,-0.802027283,-0.656307077,0,15
2017/12/14,81.55,82,81.35,81.75,0.75,0.43902439,18.13519246,8.167691514,1,4,-0.65,81.7125,81.91237155,82.71072593,-0.798354379,-0.619877025,0,14
2017/12/13,81.1,81.2,80.9,81,0.05,0.073170732,5.251569181,3.18394104,1,3,0.75,81.025,81.94871183,82.790584,-0.841872171,-0.575257687,0,13
2017/12/12,81.4,81.5,80.55,80.95,-0.55,0.035087719,4.218817186,2.15012697,1,2,0.05,80.9875,82.11665944,82.93183072,-0.815171286,-0.508604066,0,12
2017/12/11,81.2,81.65,81.2,81.5,0.6,0.228070175,4.573839815,1.115781862,1,1,-0.55,81.4625,82.32196115,83.08737718,-0.765416027,-0.431962261,0,11
2017/12/8,81.5,81.5,80.65,80.9,0,0.015151515,-4.54274905,-0.613247115,0,9,0.6,80.9875,82.47822682,83.21736736,-0.739140537,-0.348598819,0,10
2017/12/7,81.2,81.25,80.45,80.9,0.05,0.011627907,-7.571699332,1.351503853,0,8,0,80.875,82.74926806,83.39575674,-0.646488686,-0.25096339,0,9
2017/12/6,82.1,82.1,80.85,80.85,-1.4,-0.474576271,-11.93894435,5.813105445,0,7,0.05,81.1625,83.09004407,83.59741728,-0.507373215,-0.152082066,0,8
2017/12/5,82.55,82.65,82.2,82.25,-0.65,0,5.820397038,14.68913034,0,6,-1.4,82.3375,83.44050663,83.79221067,-0.35170404,-0.063259278,0,7
2017/12/4,82.65,82.95,82.35,82.9,0.3,0.220338983,8.730595557,19.12349699,0,5,-0.65,82.775,83.64105329,83.90858752,-0.267534234,0.008851912,0,6
2017/12/1,82.15,82.9,81.65,82.6,0.35,0.118644068,2.078944184,24.31994771,0,4,0.3,82.4375,83.79851752,83.99927452,-0.200757001,0.077948449,0,5
2017/11/30,83,83,82.25,82.25,-1.45,-0.84375,-2.813787114,35.44044947,0,3,0.35,82.4375,84.04597525,84.12421648,-0.078241232,0.147624811,0,4
2017/11/29,83.65,83.95,83.55,83.7,0.1,0.0625,37.96681933,54.56756777,0,2,-1.45,83.725,84.3384253,84.2591538,0.079271495,0.204091322,0,3
2017/11/28,83.95,84,83.5,83.6,-0.55,0.157894737,53.82522899,62.86794199,0,1,0.1,83.675,84.44995717,84.30188611,0.148071064,0.235296279,0,2
2017/11/27,85.15,85.15,84.1,84.15,-1,0.447368421,72.84310665,67.38929848,1,7,-0.55,84.3875,84.59085847,84.352037,0.238821479,0.257102582,0,1
2017/11/24,85.25,85.3,84.95,85.15,-0.05,0.973684211,86.89623892,64.6623944,1,6,-1,85.1375,84.62783274,84.34919996,0.278632787,0.261672858,1,1
2017/11/23,85.15,85.35,84.95,85.2,0.05,1.027027027,81.66014785,53.54547215,1,5,-0.05,85.175,84.53516597,84.28613595,0.249030017,0.257432876,0,14
2017/11/22,85.15,85.6,84.9,85.15,0.4,1.275862069,71.13887042,39.48813429,1,4,0.05,85.2,84.41883251,84.21502683,0.20380568,0.259533591,0,13
2017/11/21,83.9,84.8,83.9,84.75,0.75,0.878787879,42.91520219,23.66276623,1,3,0.4,84.55,84.27680205,84.13622897,0.140573081,0.273465568,0,12
2017/11/20,84.4,84.45,83.9,84,-0.35,0.35,20.43340934,14.03654825,1,2,0.75,84.0875,84.2271297,84.10312729,0.124002409,0.30668869,0,11
2017/11/17,84.3,84.45,84.15,84.35,0.75,0.525,13.15011402,10.8381177,1,1,-0.35,84.325,84.25251692,84.10437748,0.148139444,0.352360261,0,10
2017/11/16,83.3,83.75,83.2,83.6,0.3,0.15,-6.524828976,9.682119539,0,6,0.75,83.5375,84.23933818,84.08672767,0.152610504,0.403415465,0,9
2017/11/15,83.8,83.85,83.15,83.3,-0.85,-0.739130435,-17.28724346,17.7855938,0,5,0.3,83.4,84.36694512,84.13066589,0.236279232,0.466116705,0,8
2017/11/14,84.3,84.3,83.95,84.15,-0.15,-0.15,11.02565654,35.32201243,0,4,-0.85,84.1375,84.54275332,84.18911916,0.353634165,0.523576073,0,7
2017/11/13,84.25,84.4,84.2,84.3,-0.25,-0.111111111,24.03848482,47.47019037,0,3,-0.15,84.3,84.61643575,84.19324869,0.423187054,0.56606155,0,6
2017/11/10,84.3,84.55,83.95,84.55,0.15,0.166666667,41.61328278,59.18604314,0,2,-0.25,84.4,84.67396952,84.18470859,0.489260931,0.601780174,0,5
2017/11/9,84.95,85.05,84.4,84.4,-0.55,0.1,54.08659084,67.97242332,0,1,0.15,84.5625,84.72378216,84.16748527,0.556296883,0.629909985,0,4
2017/11/8,85.2,85.2,84.95,84.95,-0.35,0.666666667,76.12988625,74.91533957,1,2,-0.55,85.0125,84.75310618,84.13588409,0.61722209,0.64831326,0,3
2017/11/7,85,85.3,84.85,85.3,0.45,1.105263158,80.86149605,74.30806623,1,1,-0.35,85.1875,84.70594367,84.06575482,0.64018885,0.656086052,0,2
2017/11/6,85.2,85.3,84.6,84.85,0.15,0.631578947,66.02908618,71.03135132,0,2,0.45,84.9,84.61838798,83.97601521,0.642372769,0.660060353,0,1
2017/11/3,84.95,85.05,84.6,84.7,-0.1,0.473684211,67.4646819,73.53248388,0,1,0.15,84.7625,84.56718579,83.90209643,0.665089366,0.664482249,1,19
2017/11/2,84.95,85.05,84.7,84.8,-0.3,0.578947368,77.51281232,76.56638488,1,3,-0.1,84.8375,84.53167412,83.83326414,0.698409978,0.66433047,1,18
2017/11/1,85.35,85.4,84.95,85.1,-0.1,0.894736842,87.32185006,76.09317116,1,2,-0.3,85.1375,84.47606941,83.75292527,0.723144141,0.655810592,1,17
2017/10/31,85,85.35,84.8,85.2,0.25,1.357142857,86.24593298,70.47883171,1,1,-0.1,85.1375,84.3558093,83.64215929,0.713650012,0.638977205,1,16
2017/10/30,85.1,85.35,84.8,84.95,0.65,1.076923077,61.51175661,62.59528108,0,7,0.25,85.0125,84.21368372,83.52253204,0.691151688,0.620309004,1,15
2017/10/27,84.3,84.75,84.2,84.3,0.05,0.076923077,38.42148107,63.13704331,0,6,0.65,84.3875,84.0684444,83.4033346,0.665109802,0.602598333,1,14
2017/10/26,84.15,84.4,84,84.25,-0.1,0.235294118,53.78606776,75.49482443,0,5,0.05,84.225,84.01043429,83.32460137,0.685832925,0.586970466,1,13
2017/10/25,84.3,84.6,84.2,84.35,-0.05,0.352941176,68.91439575,86.34920277,0,4,-0.1,84.375,83.97142234,83.25256947,0.718852868,0.562254851,1,12
2017/10/24,84.5,84.5,84.2,84.4,-0.1,0.666666667,85.72453481,95.06660628,0,3,-0.05,84.375,83.89804459,83.16277503,0.735269554,0.523105347,1,11
2017/10/23,84.7,84.95,84.45,84.5,-0.05,0.857142857,95.25346888,99.73764202,0,2,-0.1,84.6,83.81132542,83.06579704,0.745528386,0.470064295,1,10
2017/10/20,84.4,84.85,84.4,84.55,-0.35,0.885245902,100.0230605,101.9797286,0,1,-0.05,84.5875,83.66793004,82.9430608,0.724869245,0.401198272,1,9
2017/10/19,84.7,85.2,84.7,84.9,0.3,1.096774194,105.7722956,102.9580626,1,13,-0.35,84.925,83.50073551,82.81150566,0.689229843,0.320280529,1,8
2017/10/18,84.8,85,84.3,84.6,0.3,1.033333333,103.8197337,101.5509462,1,12,0.3,84.625,83.24177832,82.64242612,0.59935221,0.2280432,1,7
2017/10/17,84.55,84.7,84.3,84.3,-0.2,0.939393939,104.0629339,100.4165524,1,11,0.3,84.4,82.99028347,82.4838202,0.50646327,0.135215948,1,6
2017/10/16,84.05,84.5,84.05,84.5,0.45,1.084507042,109.1247039,98.59336163,1,10,-0.2,84.3875,82.73397138,82.33052582,0.403445559,0.042404117,1,5
2017/10/13,83.95,84.05,83.75,84.05,-0.15,0.960526316,109.4617038,93.32769049,1,9,0.45,83.975,82.43332981,82.16596789,0.267361926,-0.047856244,1,4
2017/10/12,83.55,84.2,83.55,84.2,0.8,1.266666667,116.1662399,85.26068385,1,8,-0.15,84.0375,82.15302614,82.02124532,0.131780824,-0.126660786,1,3
2017/10/11,82.45,83.4,82.45,83.4,1.3,1.722222222,110.9160265,69.80790584,1,7,0.8,83.1625,81.81039453,81.85994494,-0.049550412,-0.191271188,1,2
2017/10/6,82.1,82.2,81.95,82.1,0.25,1.161290323,80.26292856,49.25384554,1,6,1.3,82.0875,81.56455717,81.75574054,-0.191183365,-0.226701383,1,1
2017/10/5,81.5,82.1,81.5,81.85,0.35,1.192307692,62.32987672,33.74930402,1,5,0.25,81.825,81.46947666,81.72919978,-0.259723122,-0.235580887,0,17
2017/10/3,81.55,81.7,81.3,81.5,0,0.5,33.87943046,19.45901768,1,4,0.35,81.5,81.40483605,81.72153576,-0.316699712,-0.229545328,0,16
2017/10/2,81.25,81.6,81.25,81.5,0.3,0.5,25.81914569,12.24881128,1,3,0,81.4625,81.38753352,81.73925863,-0.351725109,-0.207756732,0,15
2017/9/30,81,81.2,80.85,81.2,0.55,0.367346939,13.72871854,5.463644081,1,2,0.3,81.1125,81.37390325,81.76139932,-0.387496069,-0.171764638,0,14
2017/9/29,80.45,80.65,80.3,80.65,0.25,0.122807018,2.225730867,1.331106853,1,1,0.55,80.5625,81.42143111,81.81331126,-0.391880152,-0.11783178,0,13
2017/9/28,80.75,80.8,80.3,80.4,-0.3,0.035087719,-2.801754576,0.883794846,0,9,0.25,80.475,81.5776004,81.91337616,-0.33577576,-0.049319687,0,12
2017/9/27,80.6,80.9,80.55,80.7,0.4,0.140350877,-5.957017829,2.726569558,0,8,-0.3,80.7125,81.7780732,82.02844625,-0.250373053,0.022294331,0,11
2017/9/26,80.8,81.05,80.3,80.3,-0.65,-0.295454545,-15.9530706,7.068363251,0,7,0.4,80.4875,81.97181378,82.13372195,-0.161908171,0.090461177,0,10
2017/9/25,81.55,81.55,80.75,80.95,-0.65,-0.419354839,-9.156878632,18.57908018,0,6,-0.65,81.05,82.24168902,82.26541971,-0.023730694,0.153553514,0,9
2017/9/22,82.6,82.6,81.55,81.6,-1.1,-0.631578947,7.232423988,32.44705958,0,5,-0.65,81.8375,82.45835975,82.36265329,0.095706459,0.197874567,0,8
2017/9/21,82.05,82.8,81.95,82.7,0.5,0.526315789,42.42758335,45.05437738,0,4,-1.1,82.5375,82.57124334,82.40466555,0.166577787,0.223416593,0,7
2017/9/20,82.5,82.65,82.1,82.2,-0.55,-0.055555556,37.32558555,46.3677744,0,3,0.5,82.2875,82.57737849,82.39403879,0.183339695,0.237626295,0,6
2017/9/19,83.2,83.3,82.65,82.75,-0.4,0.555555556,58.7661561,50.88886882,1,2,-0.55,82.8625,82.63008367,82.4025619,0.227521771,0.251197945,0,5
2017/9/18,82.85,83.15,82.6,83.15,0.8,1.285714286,60.37145638,46.95022517,1,1,-0.4,83.0125,82.58782615,82.36576685,0.222059305,0.257116989,0,4
2017/9/15,82.35,82.5,82.1,82.35,0,0.142857143,26.27147028,40.23960957,0,8,0.8,82.325,82.51061273,82.3140282,0.19658453,0.26588141,0,3
2017/9/14,82.3,82.55,82.15,82.35,0.05,0.133333333,32.26434828,47.22367922,0,7,0,82.35,82.5443605,82.31315045,0.231210043,0.283205629,0,2
2017/9/13,82.9,83,82.25,82.3,-0.55,0.066666667,41.72985576,54.70334468,0,6,0.05,82.4625,82.57969877,82.31020249,0.269496279,0.296204526,0,1
2017/9/12,82.95,83.05,82.65,82.85,0.3,0.8,59.2614503,61.19008915,0,5,-0.55,82.85,82.60100764,82.29801869,0.302988947,0.302881588,1,1
2017/9/11,83.25,83.35,82.5,82.55,-0.15,0.4,48.89217545,62.15440857,0,4,0.3,82.7375,82.5557363,82.25386018,0.301876113,0.302854748,0,1
2017/9/8,82.4,82.9,82.4,82.7,0.45,0.6,53.33826318,68.78552513,0,3,-0.15,82.675,82.52268835,82.215169,0.307519352,0.303099406,1,11
2017/9/7,82.8,82.85,82.2,82.25,-0.35,-0.071428571,50.00739477,76.50915611,0,2,0.45,82.3875,82.49499532,82.17838252,0.316612806,0.30199442,1,10
2017/9/6,82.7,82.9,82.35,82.6,-0.35,0.428571429,78.58252073,89.76003678,0,1,-0.35,82.6125,82.51453993,82.16165312,0.352886808,0.298339823,1,9
2017/9/5,82.9,83,82.65,82.95,0.1,0.96,96.44520966,95.3487948,1,11,-0.35,82.8875,82.49672901,82.12558537,0.371143637,0.284703077,1,8
2017/9/4,82.9,83.05,82.7,82.85,-0.15,0.88,96.66781449,94.80058737,1,10,0.1,82.8625,82.42567974,82.0646322,0.361047536,0.263092937,1,7
2017/9/1,82.95,83.2,82.65,83,0.05,1.026315789,101.0017217,93.86697381,1,9,-0.15,82.9625,82.34625787,82.00080278,0.345455094,0.238604287,1,6
2017/8/31,83.15,83.15,82.7,82.95,0.25,1.151515152,100.1867931,90.29959985,1,8,0.05,82.9375,82.23421385,81.923867,0.310346848,0.211891586,1,5
2017/8/30,82.65,82.9,82.6,82.7,0.4,1,92.70443212,85.3560032,1,7,0.25,82.725,82.10634364,81.84277636,0.263567278,0.18727777,1,4
2017/8/29,82.25,82.4,81.95,82.3,-0.25,0.764705882,89.05664818,81.68178874,1,6,0.4,82.2375,81.99386066,81.77219847,0.221662194,0.168205394,1,3
2017/8/28,82.7,82.8,82.4,82.55,-0.15,0.911764706,95.34967815,77.99435903,1,5,-0.25,82.575,81.9495626,81.73497434,0.214588255,0.154841193,1,2
2017/8/25,82.65,82.75,82.4,82.7,0.15,1.083333333,97.43628194,69.31669946,1,4,-0.15,82.6375,81.83584671,81.66777229,0.168074416,0.139904428,1,1
2017/8/24,81.85,82.55,81.85,82.55,0.8,1.636363636,91.98775624,55.25690822,1,3,0.15,82.375,81.69009156,81.59019407,0.099897489,0.132861931,0,24
2017/8/23,82,82.25,81.75,81.75,-0.1,0.909090909,56.16345254,36.89148422,1,2,0.8,81.875,81.56556276,81.5274096,0.038153156,0.141103042,0,23
2017/8/22,81.45,81.9,81.45,81.85,0.8,0.785714286,38.79063335,27.25550006,1,1,-0.1,81.7625,81.50930144,81.49960237,0.009699071,0.166840513,0,22
2017/8/21,81.05,81.2,80.75,81.05,-0.1,0.139534884,18.90023574,21.48793341,0,8,0.8,81.0125,81.46326534,81.47857056,-0.01530522,0.206125873,0,21
2017/8/18,81,81.15,80.65,81.15,-0.5,0.181818182,21.37360943,22.78178225,0,7,-0.1,81.025,81.54522267,81.5158562,0.02936647,0.261483646,0,20
2017/8/17,81.25,81.7,81.15,81.65,0.65,0.409090909,22.96950505,23.48586866,0,6,-0.5,81.5375,81.63980861,81.5551247,0.084683914,0.319512941,0,19
2017/8/16,81.15,81.25,80.6,81,-0.3,0.113636364,13.99971212,23.74405046,0,5,0.65,80.9625,81.65841018,81.55653467,0.101875504,0.378220197,0,18
2017/8/15,81.3,81.5,80.95,81.3,0.55,0.25,15.31774999,28.61621964,0,4,-0.3,81.2625,81.7849393,81.60405745,0.180881853,0.447306371,0,17
2017/8/14,81.45,81.6,80.75,80.75,-0.5,-0.294117647,10.47662499,35.26545446,0,3,0.55,80.9625,81.87992827,81.63138204,0.248546221,0.5139125,0,16
2017/8/11,80.85,81.35,80.75,81.25,-0.35,-0.0625,30.42081983,47.65986919,0,2,-0.5,81.15,82.04673341,81.68489261,0.361840797,0.58025407,0,15
2017/8/10,82.35,82.45,81.35,81.6,-0.55,0.15625,48.75622975,56.27939387,0,1,-0.35,81.75,82.20977584,81.72768402,0.482091826,0.634857388,0,14
2017/8/9,82.55,82.6,82.05,82.15,-0.75,0.484848485,65.32184463,60.04097593,1,5,-0.55,82.2375,82.29337145,81.72589874,0.567472712,0.673048779,0,13
2017/8/8,83.05,83.25,82.55,82.9,-0.05,0.939393939,73.7403427,57.40054159,1,4,-0.75,82.9,82.3035299,81.68497064,0.618559258,0.699442795,0,12
2017/8/7,82.45,83,82.45,82.95,0.6,0.96969697,63.64081708,49.23064103,1,3,-0.05,82.8375,82.19508079,81.58776829,0.607312498,0.71966368,0,11
2017/8/4,82.15,82.35,82.05,82.35,0.15,0.606060606,46.97637713,42.02555301,1,2,0.6,82.275,82.07827729,81.48778975,0.590487541,0.747751475,0,10
2017/8/3,81.85,82.35,81.7,82.2,-0.3,0.515151515,40.16153539,39.55014095,1,1,0.15,82.1125,82.04250953,81.42481293,0.617696596,0.787067459,0,9
2017/8/2,82,82.65,82,82.5,0.7,0.696969697,34.48472733,39.24444373,0,4,-0.3,82.4125,82.02978399,81.36979797,0.659986021,0.829410174,0,8
2017/8/1,82.15,82.15,81.55,81.8,0.45,0.272727273,16.87860615,41.62430194,0,3,0.7,81.825,81.96019926,81.2863818,0.673817454,0.871766213,0,7
2017/7/31,81.45,81.5,81.05,81.35,-0.75,-0.833333333,11.68154558,53.99714983,0,2,0.45,81.3125,81.98478094,81.24329235,0.741488593,0.921253403,0,6
2017/7/28,82.4,82.45,81.95,82.1,-0.9,0,59.18898504,75.15495196,0,1,-0.75,82.15,82.10701384,81.23775574,0.869258103,0.966194605,0,5
2017/7/27,82.2,83,82.2,83,0.85,1.461538462,88.78347756,83.13793542,1,1,-0.9,82.8,82.09919817,81.16477619,0.934421979,0.99042873,0,4
2017/7/26,82.55,82.75,82.05,82.15,-0.3,0.153846154,60.09829326,80.31516435,0,4,0.85,82.275,81.97177966,81.03395829,0.937821369,1.004430418,0,3
2017/7/25,82.3,82.5,82.1,82.45,0.15,0.782608696,82.4551322,90.42359989,0,3,-0.3,82.375,81.91664869,80.93467495,0.981973735,1.021082681,0,2
2017/7/24,81.95,82.3,81.75,82.3,0.2,0.652173913,84.55226352,94.40783373,0,2,0.15,82.1625,81.83331208,80.81944895,1.013863136,1.030859917,0,1
2017/7/21,82.6,82.6,82.05,82.1,-0.55,0.744680851,94.21969963,99.33561883,0,1,0.2,82.2125,81.77345974,80.71200486,1.061454872,1.035109112,1,7
2017/7/20,82.85,82.9,82.55,82.65,-0.05,0.981818182,104.0955069,101.8935784,1,8,-0.55,82.6875,81.69363423,80.59196525,1.10166898,1.028522673,1,6
2017/7/19,82.35,83,82.35,82.7,0.3,1.12244898,107.0523513,100.7926142,1,7,-0.05,82.6875,81.51293137,80.42432247,1.088608894,1.010236096,1,5
2017/7/18,82.2,82.4,81.85,82.4,0.2,1.088888889,104.4560779,97.66274567,1,6,0.3,82.2625,81.29937343,80.24326827,1.056105163,0.990642896,1,4
2017/7/17,82.5,82.55,82,82.2,0.15,1,102.2396724,94.26607956,1,5,0.2,82.2375,81.12425951,80.08172973,1.04252978,0.974277329,1,3
2017/7/14,82,82.15,81.8,82.05,-0.15,0.933333333,103.3595086,90.27928313,1,4,0.15,82.0125,80.92185215,79.90926811,1.01258404,0.957214217,1,2
2017/7/13,81.95,82.4,81.75,82.2,0.65,1.40625,108.3725962,83.7391704,1,3,-0.15,82.1375,80.72355254,79.74100956,0.982542983,0.943371761,1,1
2017/7/12,81.5,81.8,81.3,81.55,0,1,92.24639435,71.42245748,1,2,0.65,81.55,80.46647119,79.54929033,0.917180862,0.933578956,0,5
2017/7/11,80.7,81.55,80.55,81.55,1.2,2,88.36959153,61.01048904,1,1,0,81.3,80.26946595,79.38923355,0.880232397,0.937678479,0,4
2017/7/10,80,80.45,80,80.35,0.4,0.296296296,32.5543873,47.3309378,0,9,1.2,80.2875,80.08209612,79.23637224,0.845723886,0.952039999,0,3
2017/7/7,80.25,80.25,79.8,79.95,-0.45,-0.035714286,34.01676613,54.71921305,0,8,0.4,79.9875,80.04474996,79.15228202,0.892467948,0.978619028,0,2
2017/7/6,80.75,80.75,80.2,80.4,-0.35,0.411764706,52.81086348,65.07043651,0,7,-0.45,80.4375,80.05515905,79.08546458,0.969694471,1.000156798,0,1
2017/7/5,80.1,80.75,79.75,80.75,0.75,0.617647059,58.62805993,71.20022303,0,6,-0.35,80.5,79.98564251,78.97730174,1.008340768,1.00777238,1,12
2017/7/4,80.45,80.6,80,80,-0.45,0.243243243,57.05973695,77.48630457,0,5,0.75,80.15,79.89212297,78.85548588,1.036637085,1.007630283,1,11
2017/7/3,80.4,80.6,80.2,80.45,0.05,0.512820513,73.42744326,87.69958839,0,4,-0.45,80.425,79.84523623,78.75192475,1.093311481,1.000378582,1,10
2017/6/30,80.1,80.4,79.8,80.4,-0.25,0.649122807,84.50013925,94.83566095,0,3,0.05,80.25,79.73982464,78.61807873,1.121745907,0.977145357,1,9
2017/6/29,81,81.05,80.5,80.65,0.1,0.797297297,94.29406853,100.0034218,0,2,-0.25,80.7125,79.64706548,78.48752503,1.159540452,0.94099522,1,8
2017/6/28,80.9,81.05,80.3,80.55,-0.75,0.811111111,101.5762379,102.8580984,0,1,0.1,80.6125,79.45335012,78.30952704,1.143823083,0.886358912,1,7
2017/6/27,81.4,81.5,81,81.3,-0.1,0.978021978,111.8088013,103.4990287,1,7,-0.75,81.275,79.24259559,78.1252892,1.117306396,0.821992869,1,6
2017/6/26,79.8,81.5,79.8,81.4,1.7,1.568965517,118.8121031,99.34414236,1,6,-0.1,81.025,78.87306752,77.87331233,0.999755186,0.748164487,1,5
2017/6/23,79.75,80.05,79.65,79.7,-0.05,0.982758621,99.76987879,89.61016198,1,5,1.7,79.775,78.48180707,77.62117732,0.860629749,0.685266813,1,4
2017/6/22,79.6,79.85,79.55,79.75,0.2,1.074074074,100.5168872,84.53030358,1,4,-0.05,79.725,78.24668108,77.44887151,0.797809576,0.641426079,1,3
2017/6/21,79.2,79.9,78.85,79.55,0.1,1.038461538,97.07162703,76.53701179,1,3,0.2,79.4625,77.97789582,77.26678123,0.711114597,0.602330204,1,2
2017/6/20,78.6,79.65,78.6,79.45,0.9,1.529411765,93.68436362,66.26970417,1,2,0.1,79.2875,77.70796779,77.09112372,0.616844067,0.575134106,1,1
2017/6/19,77.7,78.55,77.7,78.55,0.85,1.214285714,64.05595719,52.56237445,1,1,0.9,78.3375,77.42078012,76.91541362,0.505366495,0.564706616,0,5
2017/6/16,76.9,77.7,76.85,77.7,0.8,0.607142857,35.36965007,46.81558308,0,6,0.85,77.4875,77.25410378,76.80164671,0.452457063,0.579541646,0,4
2017/6/15,76.8,76.9,76.6,76.9,0.05,0.035714286,22.69733225,52.53854958,0,5,0.8,76.825,77.2116681,76.74677845,0.464889649,0.611312792,0,3
2017/6/14,77.4,77.4,76.5,76.85,-0.4,-0.272727273,32.26028408,67.45915825,0,4,0.05,76.9,77.28197139,76.74052073,0.541450663,0.647918577,0,2
2017/6/13,77.15,77.3,77,77.25,0.1,0.259259259,62.02678976,85.05859534,0,3,-0.4,77.2,77.35142073,76.72776238,0.623658349,0.674535556,0,1
2017/6/12,77.15,77.5,77.05,77.15,-0.85,0.371428571,80.07722168,96.57449813,0,2,0.1,77.2125,77.37895177,76.68998337,0.6889684,0.687254857,1,11
2017/6/9,78.05,78.35,77.95,78,-0.25,0.857142857,101.5444039,104.8231364,0,1,-0.85,78.075,77.40921573,76.64818204,0.76103369,0.686826472,1,10
2017/6/8,77.95,78.25,77.8,78.25,0.3,1.166666667,109.4594631,106.4625026,1,7,-0.25,78.1375,77.28816405,76.53403661,0.754127441,0.668274667,1,9
2017/6/7,77.9,78.1,77.7,77.95,0,0.970588235,105.8558613,104.9640223,1,6,0.3,77.925,77.13373933,76.40575954,0.727979794,0.646811474,1,8
2017/6/6,77.95,77.95,77.7,77.95,-0.05,0.970588235,110.2543801,104.5181028,1,5,0,77.8875,76.98987375,76.2842203,0.705653455,0.626519393,1,7
2017/6/5,77.35,78,77.25,78,0.6,1.444444444,116.8521584,101.6499642,1,4,-0.05,77.8125,76.82666898,76.15595792,0.670711059,0.606735878,1,6
2017/6/3,77.25,77.4,77.25,77.4,0.2,1.148148148,103.0560154,94.0488671,1,3,0.6,77.3625,76.64742698,76.02343456,0.623992422,0.590742083,1,5
2017/6/2,77.3,77.3,77.05,77.2,0.3,1.173913043,97.17661569,89.54529295,1,2,0.2,77.1875,76.5174137,75.91630932,0.601104381,0.582429498,1,4
2017/6/1,76.5,76.9,76.5,76.9,0.4,0.913043478,87.06927136,85.72963158,1,1,0.3,76.8,76.39557983,75.81461407,0.580965763,0.577760777,1,3
2017/5/31,76.95,77.5,76.4,76.5,-0.45,0.565217391,84.95173312,85.05981168,0,1,0.4,76.725,76.32204889,75.73578319,0.586265697,0.576959531,1,2
2017/5/26,77,77.15,76.75,76.95,-0.05,0.956521739,99.16673012,85.11385097,1,2,-0.45,76.95,76.24878505,75.65664585,0.592139204,0.574632989,1,1
2017/5/25,76.7,77,76.45,77,0.7,1.769230769,100.9240082,78.08741139,1,1,-0.05,76.8625,76.12129142,75.55317752,0.568113909,0.570256436,0,5
2017/5/24,76.35,76.45,76.25,76.3,-0.05,0.692307692,62.92447387,66.66911297,0,9,0.7,76.325,75.98652623,75.44843172,0.538094512,0.570792067,0,4
2017/5/23,76.05,76.45,76,76.35,0.3,0.769230769,59.77132619,68.54143252,0,8,-0.05,76.2875,75.92498554,75.37830625,0.54667929,0.578966456,0,3
2017/5/22,75.95,76.15,75.75,76.05,0.2,0.307692308,51.19545083,72.92648569,0,7,0.3,76,75.85907382,75.30557075,0.55350307,0.587038248,0,2
2017/5/19,75.65,75.9,75.65,75.85,-0.05,0.1875,61.40856085,83.79200312,0,6,0.2,75.8125,75.83345088,75.25001642,0.583434469,0.595422042,0,1
2017/5/18,75.65,75.9,75.3,75.9,-0.4,0.555555556,82.73784128,94.98372425,0,5,-0.05,75.75,75.83726014,75.20501773,0.632242407,0.598418935,1,16
2017/5/17,76.3,76.4,76.05,76.3,-0.2,0.851851852,96.32898414,101.1066657,0,4,-0.4,76.2625,75.85312561,75.16141915,0.691706468,0.589963068,1,15
2017/5/16,76.5,76.6,76.25,76.5,0,1,101.9008836,103.4955065,0,3,-0.2,76.4625,75.77869391,75.07333268,0.70536123,0.564527218,1,14
2017/5/15,76.3,76.55,76.2,76.5,0.2,1,102.8513254,104.292818,0,2,0,76.4375,75.65436553,74.96219929,0.692166235,0.529318715,1,13
2017/5/12,76.25,76.5,76.15,76.3,-0.2,0.897435897,104.2769881,105.0135643,0,1,0.2,76.3125,75.51197744,74.84417524,0.667802206,0.488606834,1,12
2017/5/11,76.1,76.5,76,76.5,0.25,1.142857143,111.5436873,105.3818524,1,14,-0.2,76.375,75.36642789,74.72670926,0.639718631,0.443807992,1,11
2017/5/10,76.15,76.35,76,76.25,0.3,1.206896552,110.1726739,102.3009349,1,13,0.25,76.2125,75.18305114,74.594846,0.588205142,0.394830332,1,10
2017/5/9,75.7,76.5,75.7,75.95,0.25,1.185185185,104.9141832,98.36506534,1,12,0.3,76.025,74.99587862,74.46543368,0.530444942,0.346486629,1,9
2017/5/8,75.55,75.7,75.25,75.7,0.55,1.025,98.11201559,95.09050639,1,11,0.25,75.5875,74.80876564,74.34066837,0.468097269,0.300497051,1,8
2017/5/5,75.45,75.45,75.1,75.15,-0.5,0.76744186,95.91802339,93.57975179,1,10,0.55,75.2125,74.66717757,74.24092184,0.426255734,0.258596997,1,7
2017/5/4,75.55,75.65,75.35,75.65,0.1,1.036363636,105.5049421,92.410616,1,9,-0.5,75.575,74.56802804,74.16319559,0.404832455,0.216682312,1,6
2017/5/3,75.3,75.65,75.3,75.55,0.35,1.145833333,106.4392313,85.86345297,1,8,0.1,75.5125,74.38494223,74.05025123,0.334690997,0.169644777,1,5
2017/5/2,75,75.4,75,75.2,0.65,1.371428571,102.3671802,75.57556381,1,7,0.35,75.2,74.17993173,73.93327133,0.246660395,0.128383221,1,4
2017/4/28,74.5,74.6,74.3,74.55,0.05,1,84.97934179,62.1797556,1,6,0.65,74.5,73.99446477,73.83193304,0.16253173,0.098813928,1,3
2017/4/27,74.35,74.5,74.15,74.5,-0.05,0.971428571,77.46901268,50.77996251,1,5,0.05,74.4125,73.90254927,73.77848768,0.12406159,0.082884478,1,2
2017/4/26,74.7,74.7,74.4,74.55,0.2,1.09375,67.63209045,37.43543742,1,4,-0.05,74.55,73.80983096,73.7277667,0.082064261,0.0725902,1,1
2017/4/25,73.85,74.4,73.7,74.35,0.7,0.96875,46.76063568,22.3371109,1,3,0.2,74.2,73.67525477,73.66198803,0.013266735,0.070221684,0,13
2017/4/24,73.9,73.95,73.45,73.65,0.15,0.53125,21.70345352,10.12534851,1,2,0.7,73.675,73.57984654,73.61894707,-0.039100532,0.084460422,0,12
2017/4/21,73.25,73.5,73.1,73.5,0.7,0.4375,5.992680282,4.336296006,1,1,0.15,73.4,73.56254591,73.61446284,-0.051916926,0.11535066,0,11
2017/4/20,72.55,72.9,72.5,72.8,0,0,-12.88597958,3.508103868,0,5,0.7,72.75,73.59209971,73.63161987,-0.039520151,0.157167557,0,10
2017/4/19,73.1,73.25,72.65,72.8,-0.8,-0.882352941,-19.32896936,11.70514559,0,4,0,72.875,73.74520875,73.70214946,0.043059299,0.206339483,0,9
2017/4/18,73.85,74,73.5,73.6,0,0.045454545,15.12419301,27.22220307,0,3,-0.8,73.675,73.90342853,73.76832141,0.135107116,0.24715953,0,8
2017/4/17,73.55,73.8,73.35,73.6,0.05,0.045454545,20.41356224,33.27120809,0,2,0,73.5875,73.94496099,73.77578712,0.169173862,0.275172633,0,7
2017/4/14,73.9,73.9,73.5,73.55,-0.85,-0.157894737,28.34761609,39.70003102,0,1,0.05,73.625,74.00995389,73.79085009,0.219103799,0.301672326,0,6
2017/4/13,73.9,74.45,73.9,74.4,0.35,0.736842105,50.41616098,45.37623848,1,1,-0.85,74.2875,74.07994551,73.8041181,0.275827408,0.322314458,0,5
2017/4/12,73.9,74.1,73.65,74.05,0.15,0.368421053,38.78213621,42.85627723,0,2,0.35,73.9625,74.04220833,73.76544755,0.27676078,0.33393622,0,4
2017/4/11,74.1,74.4,73.75,73.9,-0.3,0.210526316,39.75215169,44.89334774,0,1,0.15,73.9875,74.05670075,73.74968335,0.3070174,0.34823008,0,3
2017/4/10,74.1,74.25,74,74.2,0.1,0.526315789,49.10191174,47.46394576,1,3,-0.3,74.1625,74.06928271,73.73065802,0.338624687,0.35853325,0,2
2017/4/7,74.3,74.3,73.4,74.1,-0.3,0.421052632,47.33707814,46.64496278,1,2,0.1,73.975,74.05233411,73.69611066,0.356223447,0.36351039,0,1
2017/4/6,74.8,74.8,74.3,74.4,-0.25,0.736842105,49.95298563,46.2989051,1,1,-0.3,74.475,74.06639486,73.67379952,0.392595342,0.365332126,1,14
2017/4/5,73.95,74.8,73.95,74.65,0.95,0.791666667,38.08737318,44.47186483,0,8,-0.25,74.5125,73.99210302,73.60970348,0.382399536,0.358516322,1,13
2017/3/31,73.95,74.1,73.7,73.7,-0.2,-0.2,17.54772644,47.66411066,0,7,0.95,73.8,73.89748538,73.53747976,0.360005624,0.352545519,1,12
2017/3/30,74,74.25,73.9,73.9,-0.1,-0.052631579,36.32158965,62.72230277,0,6,-0.2,73.9875,73.91521,73.51647814,0.398731859,0.350680492,1,11
2017/3/29,74.45,74.5,74,74,-0.25,0.181818182,57.11396343,75.92265932,0,5,-0.1,74.125,73.90206636,73.47879639,0.423269971,0.338667651,1,10
2017/3/28,74.55,74.6,73.95,74.25,0.05,0.682926829,76.58003605,85.32700727,0,4,-0.25,74.2625,73.86153297,73.4271001,0.434432871,0.317517071,1,9
2017/3/27,74,74.4,73.85,74.2,-0.05,0.658536585,80.72371261,89.70049288,0,3,0.05,74.1625,73.78862987,73.36026811,0.428361766,0.288288121,1,8
2017/3/24,74.35,74.4,74.1,74.25,-0.1,0.729166667,88.15873965,94.18888301,0,2,-0.05,74.25,73.72065349,73.29608956,0.424563931,0.253269709,1,7
2017/3/23,74.6,74.65,74.15,74.35,0.15,0.810344828,95.77977614,97.2039547,0,1,-0.1,74.375,73.62440867,73.21977672,0.404631946,0.210446154,1,6
2017/3/22,74.25,74.25,74,74.2,-0.7,0.75862069,103.1524228,97.91604398,1,8,0.15,74.1625,73.48793752,73.12735886,0.360578657,0.161899706,1,5
2017/3/21,74.3,74.9,74.3,74.9,0.95,1.45,116.7975998,95.29785455,1,7,-0.7,74.75,73.36528979,73.04454757,0.320742224,0.112229968,1,4
2017/3/20,73.95,74.15,73.85,73.95,-0.05,0.975,102.6963996,84.54798195,1,6,0.95,73.975,73.1135243,72.90811137,0.205412927,0.060101903,1,3
2017/3/17,73.85,74.1,73.75,74,0.2,1.111111111,105.2945995,75.47377311,1,5,-0.05,73.9625,72.95689236,72.82276028,0.134132072,0.023774148,1,2
2017/3/16,73.3,73.85,73.3,73.8,0.95,1.8,102.3863436,60.56335994,1,4,0.2,73.6875,72.7740546,72.73158111,0.042473495,-0.003815333,1,1
2017/3/15,72.8,73,72.6,72.85,-0.15,0.85,63.57951544,39.65186809,1,3,0.95,72.825,72.60797362,72.65510759,-0.047133975,-0.015387541,0,11
2017/3/14,72.6,73.1,72.6,73,0.5,1.176470588,52.86927316,27.68804441,1,2,-0.15,72.925,72.56851428,72.6415162,-0.073001924,-0.007450932,0,10
2017/3/13,72.15,72.5,72.15,72.5,0.5,0.434782609,20.48038033,15.09743004,1,1,0.5,72.4125,72.50369869,72.6188375,-0.115138806,0.008936816,0,9
2017/3/10,71.95,72.05,71.55,72,-0.05,-0.045454545,8.98144006,12.40595489,0,1,0.5,71.9,72.52028027,72.6353445,-0.115064226,0.039955722,0,8
2017/3/9,72.6,72.6,71.95,72.05,-0.8,-0.041666667,15.74488736,14.11821231,1,3,-0.05,72.1625,72.6330585,72.69417206,-0.061113554,0.078710709,0,7
2017/3/8,72.65,72.85,72.45,72.85,0.4,0.625,25.70066438,13.30487479,1,2,-0.8,72.75,72.7186146,72.73670582,-0.018091227,0.113666774,0,6
2017/3/7,72.25,72.6,72.25,72.45,0.3,0.291666667,7.300996567,7.106979989,1,1,0.4,72.4375,72.71290816,72.73564229,-0.02273413,0.146606275,0,5
2017/3/6,72.05,72.25,72,72.15,0.05,0.035714286,-3.631838483,7.009971701,0,9,0.3,72.1375,72.76298237,72.75949367,0.003488697,0.188941376,0,4
2017/3/3,72.3,72.35,72,72.1,-0.45,-0.217391304,-7.23347201,12.33087679,0,8,0.05,72.1375,72.87670644,72.80925317,0.067453271,0.235304546,0,3
2017/3/2,72.95,73.25,72.25,72.55,0.2,0.173913043,0.019357202,22.11305119,0,7,-0.45,72.65,73.01110761,72.86299342,0.148114188,0.277267364,0,2
2017/3/1,73.1,73.1,72.35,72.35,-0.8,-0.9375,-8.666616371,33.15989819,0,6,0.2,72.5375,73.07676353,72.88003289,0.196730643,0.309555658,0,1
2017/2/24,73.05,73.3,72.85,73.15,0.05,0.0625,33.87507544,54.07315547,0,5,-0.8,73.1125,73.17481145,72.90743552,0.267375927,,,
2017/2/23,73.25,73.55,73.1,73.1,-0.2,0.157894737,47.68761317,64.17219548,0,4,0.05,73.2125,73.18614081,72.89103037,0.295110439,,,
2017/2/22,73.6,73.7,73.15,73.3,0.05,0.454545455,63.63668291,72.41448664,0,3,-0.2,73.3625,73.18134822,72.86531279,0.316035429,,,
2017/2/21,73.2,73.4,73.05,73.25,0.15,0.657894737,72.72775163,76.8033885,0,2,0.05,73.2375,73.14841154,72.82553782,0.322873719,,,
2017/2/20,73.55,73.65,73.1,73.1,-0.4,0.627906977,76.19689061,78.84120694,0,1,0.15,73.2375,73.13221364,72.79258084,0.339632791,,,
2017/2/18,73.3,73.55,73.2,73.5,0.15,0.813953488,82.89998707,80.16336511,1,6,-0.4,73.4375,73.11307066,72.75698731,0.356083349,,,
2017/2/17,73.65,73.7,73.35,73.35,-0.1,0.744186047,83.65230619,78.79505412,1,5,0.15,73.4375,73.05408351,72.7025463,0.351537211,,,
2017/2/16,74,74.2,73.35,73.45,-0.45,0.790697674,88.26915696,76.36642809,1,4,-0.1,73.6125,72.98437142,72.64375,0.340621418,,,
2017/2/15,73.3,73.9,73.2,73.9,0.7,1.387096774,92.86885173,70.41506365,1,3,-0.45,73.725,72.87016622,,,,,
2017/2/14,73.4,73.5,73.1,73.2,0.25,0.935483871,69.94843888,59.18816961,1,2,0.7,73.25,72.7147419,,,,,
2017/2/13,72.8,73.1,72.8,72.95,0.15,0.774193548,58.14846477,53.80803498,1,1,0.25,72.95,72.61742224,,,,,
2017/2/10,72.1,72.95,72.1,72.8,0.8,0.677419355,48.51301974,51.63782008,0,3,0.15,72.6625,72.55695356,,,,,
2017/2/9,71.75,72.2,71.65,72,0.25,0.161290323,38.89856186,53.20022026,0,2,0.8,71.9625,72.5377633,,,,,
2017/2/8,71.9,71.9,71.35,71.75,-1.55,-0.148148148,50.28332666,60.35104946,0,1,0.25,71.6875,72.64235662,,,,,
2017/2/7,73.1,73.45,73.1,73.3,0.05,1,82.8323974,65.38491085,1,7,-1.55,73.2875,72.81596692,,,,,
2017/2/6,73,73.4,72.95,73.25,0.4,0.962962963,74.2485961,56.66116758,1,6,0.05,73.2125,72.73023363,,,,,
2017/2/3,72.95,73.15,72.65,72.85,-0.05,0.666666667,63.224746,47.86745332,1,5,0.4,72.875,72.64254884,,,,,
2017/2/2,73.5,73.65,72.75,72.9,-0.4,0.703703704,61.50378567,40.18880697,1,4,-0.05,73.05,72.60028499,,,,,
2017/1/24,73,73.3,72.9,73.3,0.55,1.125,57.07049332,29.53131762,1,3,-0.4,73.2,72.51851862,,,,,
2017/1/23,72.55,73,72.55,72.75,0.6,0.666666667,29.35573998,15.76172977,1,2,0.55,72.7625,72.39461292,,,,,
2017/1/20,71.95,72.25,71.95,72.15,0.2,0.166666667,10.70027664,8.964724665,1,1,0.6,72.125,72.32772436,,,,,
2017/1/19,71.85,72.1,71.6,71.95,-0.2,-0.043478261,7.71708163,8.096948677,0,1,0.2,71.9,72.36458333,,,,,
2017/1/18,72.2,72.2,72.05,72.15,-0.15,0.130434783,13.74953549,8.2868822,1,3,-0.2,72.1375,,,,,,
2017/1/17,72,72.4,72,72.3,0.3,0.346153846,14.1025641,5.555555556,1,2,-0.15,72.25,,,,,,
2017/1/16,72.4,72.4,71.8,72,-0.6,0.115384615,3.846153846,1.282051282,1,1,0.3,72.05,,,,,,
2017/1/13,72.8,72.8,72.6,72.6,-0.55,,,,,,-0.6,72.65,,,,,,
2017/1/12,72.6,73.3,72.6,73.15,0.75,,,,,,-0.55,73.05,,,,,,
2017/1/11,72.8,72.85,72.4,72.4,0,,,,,,0.75,72.5125,,,,,,
2017/1/10,72.45,72.6,72.4,72.4,-0.05,,,,,,0,72.45,,,,,,
2017/1/9,72.75,72.95,72.3,72.45,-0.2,,,,,,-0.05,72.5375,,,,,,
2017/1/6,72.45,72.75,72.45,72.65,0.15,,,,,,-0.2,72.625,,,,,,
2017/1/5,71.85,72.5,71.8,72.5,0.65,,,,,,0.15,72.325,,,,,,
2017/1/4,72,72.1,71.75,71.85,-0.05,,,,,,0.65,71.8875,,,,,,
